name,type,category,power,hits,alwaysCrit,teraAdative,notes,接触,切る技,音技,命中,PP,効果
3ぼんのや,かくとう,物理,90,1,,,,,,,100,12,急所に当たりやすい(急所ランク:+1)。50%の確率で、相手の『ぼうぎょ』ランクを1段階下げる。30%の確率で相手をひるませる。
アーマーキャノン,ほのお,特殊,120,1,,,,,,,100,8,攻撃後、自分の『ぼうぎょ』『とくぼう』ランクが1段階ずつ下がる。
アームハンマー,かくとう,物理,100,1,,,,TRUE,,,90,12,攻撃後、自分の『すばやさ』ランクが1段階下がる。特性『てつのこぶし』の時、威力が1.2倍になる。
アイアンテール,はがね,物理,100,1,,,,TRUE,,,75,16,30%の確率で相手の『ぼうぎょ』ランクを1段階下げる。
アイアンヘッド,はがね,物理,80,1,,,,TRUE,,,100,16,20%の確率で相手をひるませる。
アイアンローラー,はがね,物理,130,1,,,,TRUE,,,100,8,場の状態『グラスフィールド』『ミストフィールド』『エレキフィールド』『サイコフィールド』を解除し、元に戻す。いずれの状態でもない時は技が失敗する。
アイススピナー,こおり,物理,80,1,,,,TRUE,,,100,16,場の状態『グラスフィールド』『ミストフィールド』『エレキフィールド』『サイコフィールド』を解除し、元に戻す。
アイスハンマー,こおり,物理,100,1,,,,TRUE,,,90,12,攻撃後、自分の『すばやさ』ランクが1段階下がる。特性『てつのこぶし』の時、威力が1.2倍になる。
アイスボール,こおり,物理,30,1,,,,,,,,,
あおいほのお,ほのお,特殊,130,1,,,,,,,,,
アクアカッター,みず,物理,70,1,,,,,TRUE,,100,20,急所に当たりやすい(急所ランク:+1)。
アクアジェット,みず,物理,40,1,,,,TRUE,,,100,20,必ず先制できる(優先度:+1)。
アクアステップ,みず,物理,80,1,,,,TRUE,,,100,12,100%の確率で自分の『すばやさ』ランクが1段階上がる。
アクアテール,みず,物理,90,1,,,,TRUE,,,90,12,通常攻撃。
アクアブレイク,みず,物理,85,1,,,,TRUE,,,100,12,20%の確率で、相手の『ぼうぎょ』ランクを1段階下げる。
あくうせつだん,ドラゴン,特殊,100,1,,,,,,,,,
アクセルブレイク,かくとう,物理,100,1,,,,,,,,,
アクセルロック,いわ,物理,40,1,,,,TRUE,,,100,20,必ず先制できる(優先度:+1)。
あくのはどう,あく,特殊,80,1,,,,,,,100,16,20%の確率で相手をひるませる。
アクロバット,ひこう,物理,55,1,,,,TRUE,,,100,16,自分が道具を持っていない時、威力が2倍になる。
アシストパワー,エスパー,特殊,20,1,,,,,,,100,12,自分のいずれかの能力ランクが1つ上がる度に威力が20上がる。
アシッドボム,どく,特殊,40,1,,,,,,,100,20,100%の確率で相手の『とくぼう』ランクを2段階下げる。
アストラルビット,ゴースト,特殊,120,1,,,,,,,,,
あてみなげ,かくとう,物理,70,1,,,,,,,,,
あなをほる,じめん,物理,80,1,,,,TRUE,,,100,12,1ターン目に地中に潜り、2ターン目に攻撃する。地中にいる間は『じしん』『マグニチュード』以外の技を受けない。
あばれる,ノーマル,物理,120,1,,,,TRUE,,,100,12,自分は『あばれ』状態となり、2～3ターン連続で攻撃し、他の行動はできない。その後1～4ターンの間『こんらん』状態になる。
アフロブレイク,ノーマル,物理,120,1,,,,,,,,,
あやしいかぜ,ゴースト,特殊,60,1,,,,,,,,,
あわ,みず,特殊,40,1,,,,,,,,,
アンカーショット,はがね,物理,80,1,,,,,,,,,
あんこくきょうだ,あく,物理,75,1,TRUE,,,,,,,,
いあいぎり,ノーマル,物理,50,1,,,,,,,,,
いかり,ノーマル,物理,20,1,,,,,,,,,
いじげんホール,エスパー,特殊,80,1,,,,,,,,,
いじげんラッシュ,あく,物理,100,1,,,,,,,,,
いっちょうあがり,ドラゴン,物理,80,1,,,,,,,,,
いてつくしせん,エスパー,特殊,90,1,,,,,,,,,
イナズマドライブ,でんき,特殊,100,1,,,,,,,,,
いにしえのうた,ノーマル,特殊,75,1,,,,,,,,,
いびき,ノーマル,特殊,50,1,,,,,,TRUE,100,16,自分が『ねむり』状態の時のみ使用可能。30%の確率で相手をひるませる。音系の技。相手の『みがわり』状態を貫通する。
いわおとし,いわ,物理,50,1,,,,,,,,,
いわくだき,かくとう,物理,40,1,,,,,,,,,
いわなだれ,いわ,物理,75,1,,,,,,,90,12,30%の確率で相手をひるませる。
インファイト,かくとう,物理,120,1,,,,TRUE,,,100,8,攻撃後、自分の『ぼうぎょ』『とくぼう』ランクが1段階ずつ下がる。
ウェーブタックル,みず,物理,120,1,,,,TRUE,,,100,12,相手に与えたダメージの33%を自分も受ける。
ウェザーボール,ノーマル,特殊,50,1,,,,,,,100,12,天気が『にほんばれ』の時は『ほのお』タイプ、『あめ』の時は『みず』タイプ、『ゆき』の時は『こおり』タイプ、『すなあらし』の時は『いわ』タイプになり、威力が2倍になる。ダイマックス技や第7世代のZワザもタイプが変わる。
うずしお,みず,特殊,35,1,,,,,,,85,16,相手を『バインド』状態にして、4～5ターンの間、毎ターン終了後最大HPの1/8のダメージを与え、その間『ゴースト』タイプではない相手は逃げたり交代できない。相手が『ダイビング』を使っている時でも命中し、ダメージが2倍になる。
うたかたのアリア,みず,特殊,90,1,,,,,,TRUE,100,12,相手の『やけど』状態を治す。音系の技。相手の『みがわり』状態を貫通する。
うちおとす,いわ,物理,50,1,,,,,,,100,16,特性『ふゆう』や、『ひこう』タイプのポケモンに『じめん』タイプの技が当たるようになる。。また、空中状態の相手にも当たり、技『そらをとぶ』『とびはねる』『でんじふゆう』『テレキネシス』の効果が解除され、『でんじふゆう』『テレキネシス』は使用できなくなる。『フリーフォール』状態の相手にも命中する。
ウッドハンマー,くさ,物理,120,1,,,,TRUE,,,100,16,相手に与えたダメージの33%を自分も受ける。
ウッドホーン,くさ,物理,75,1,,,,TRUE,,,100,12,相手に与えたダメージの半分だけ自分のHPが回復する。
うっぷんばらし,あく,物理,75,1,,,,TRUE,,,100,8,そのターンの間に自分の能力ランクを下げられていると、威力が2倍になる(通常は後攻で攻撃する必要があるが、場に出た時に能力ランクを下げられた場合も対象となる)。
うらみつらみ,ゴースト,特殊,75,1,,,,,,,100,12,100%の確率で相手の『こうげき』ランクを1段階下げる。
エアカッター,ひこう,特殊,60,1,,,,,TRUE,,95,20,急所に当たりやすい(急所ランク:+1)。
エアスラッシュ,ひこう,特殊,75,1,,,,,TRUE,,95,16,30%の確率で相手をひるませる。
エアロブラスト,ひこう,特殊,100,1,,,,,,,,,
エコーボイス,ノーマル,特殊,40,1,,,,,,,,,
えだづき,くさ,物理,40,1,,,,,,,,,
エナジーボール,くさ,特殊,90,1,,,,,,,100,12,10%の確率で相手の『とくぼう』ランクを1段階下げる。
エラがみ,みず,物理,85,1,,,,,,,,,
エレキネット,でんき,特殊,55,1,,,,,,,95,16,100%の確率で相手の『すばやさ』ランクを1段階下げる。
エレクトロビーム,でんき,特殊,130,1,,,,,,,100,12,1ターン目に100%の確率で自分の『とくこう』ランクを1段階上げ、2ターン目で攻撃する。天気が『あめ』の時は1ターンためずに攻撃できる。
オーバードライブ,でんき,特殊,80,1,,,,,,TRUE,,,
オーバーヒート,ほのお,特殊,130,1,,,,,,,90,8,攻撃後、100%の確率で自分の『とくこう』ランクが2段階下がる。
オーラウイング,エスパー,特殊,80,1,,,,,,,,,
オーラぐるま,でんき,物理,110,1,,,,,,,100,12,100%の確率で自分の『すばやさ』ランクが1段階上がる。自分の『モルペコ』のフォルムが『まんぷくもよう』の時は『でんき』タイプ、『はらぺこもよう』の時は『あく』タイプの技になる。
オーロラビーム,こおり,特殊,65,1,,,,,,,,,
おいうち,あく,物理,40,1,,,,,,,,,
おうふくビンタ,ノーマル,物理,15,2～5,,,,,,,,,
オクタンほう,みず,特殊,65,1,,,,,,,,,
おしゃべり,ひこう,特殊,65,1,,,,,,,,,
おどろかす,ゴースト,物理,30,1,,,,,,,,,
おはかまいり,ゴースト,物理,50,1,,,,,,,100,12,これまでに『ひんし』状態になった味方のポケモン1体につき、威力が50上がる。
かいりき,ノーマル,物理,80,1,,,,,,,,,
かえんぐるま,ほのお,物理,60,1,,,,,,,,,
かえんだん,ほのお,特殊,100,1,,,,,,,,,
かえんほうしゃ,ほのお,特殊,90,1,,,,,,,100,16,10%の確率で相手を『やけど』状態にする。
かえんボール,ほのお,物理,120,1,,,,,,,,,
かかとおとし,かくとう,物理,120,1,,,,TRUE,,,90,12,30%の確率で相手を1～4ターンの間『こんらん』状態にする。攻撃が外れたり、相手の技『まもる』などで失敗すると、自分の最大HPの半分のダメージを自分が受ける。
かげうち,ゴースト,物理,40,1,,,,TRUE,,,100,20,必ず先制できる(優先度:+1)。
かげぬい,ゴースト,物理,90,1,,,,,,,100,12,『ゴースト』タイプではない相手は逃げたり、交代できなくなる。自分が場を離れると効果は消える。
かぜおこし,ひこう,特殊,40,1,,,,,,,,,
かたきうち,ノーマル,物理,70,1,,,,,,,,,
かふんだんご,むし,特殊,90,1,,,,,,,100,16,味方に使った場合、ダメージではなく味方のHPを最大HPの1/2回復する。
かまいたち,ノーマル,特殊,80,1,,,,,,,,,
かみくだく,あく,物理,80,1,,,,TRUE,,,100,16,20%の確率で相手の『ぼうぎょ』ランクを1段階下げる。
かみつく,あく,物理,60,1,,,,TRUE,,,100,20,30%の確率で相手をひるませる。
かみなり,でんき,特殊,110,1,,,,,,,70,12,30%の確率で相手を『まひ』状態にする。天気が『あめ』の時は必ず命中し、『にほんばれ』の時は命中率が50%になる。相手が技『そらをとぶ』『とびはねる』『フリーフォール』を使っている時でも命中する。
かみなりあらし,でんき,特殊,100,1,,,,,,,,,
かみなりのキバ,でんき,物理,65,1,,,,TRUE,,,95,16,10%の確率で相手を『まひ』状態にする。10%の確率で、相手をひるませる。
かみなりパンチ,でんき,物理,75,1,,,,TRUE,,,100,16,10%の確率で相手を『まひ』状態にする。特性『てつのこぶし』の時、威力が1.2倍になる。
からげんき,ノーマル,物理,70,1,,,,TRUE,,,100,20,自分が『どく』『まひ』『やけど』状態の時、威力が2倍になる。『やけど』による『こうげき』の半減の影響を受けない。
からてチョップ,かくとう,物理,50,1,,,,,,,,,
からではさむ,みず,物理,35,1,,,,,,,,,
からみつく,ノーマル,物理,10,1,,,,,,,,,
かわらわり,かくとう,物理,75,1,,,,TRUE,,,100,16,相手の技『リフレクター』『ひかりのかべ』『オーロラベール』を解除して攻撃する。
ガリョウテンセイ,ひこう,物理,120,1,,,,,,,,,
がんせきアックス,いわ,物理,65,1,,,,TRUE,TRUE,,90,16,攻撃後、相手の場を『ステルスロック』状態にする。
がんせきふうじ,いわ,物理,60,1,,,,,,,95,16,100%の確率で相手の『すばやさ』ランクを1段階下げる。
がんせきほう,いわ,物理,150,1,,,,,,,90,8,使用した次のターンは行動できない。
きあいだま,かくとう,特殊,120,1,,,,,,,70,8,10%の確率で相手の『とくぼう』ランクを1段階下げる。
きあいパンチ,かくとう,物理,150,1,,,,TRUE,,,100,20,必ず後攻になり(優先度:-3)、攻撃するまでに技を受けると失敗してしまう。特性『てつのこぶし』の時、威力が1.2倍になる。
きつけ,ノーマル,物理,70,1,,,,,,,,,
きまぐレーザー,ドラゴン,特殊,80,1,,,,,,,100,8,30%程度の確率で、威力が2倍になる。
きゅうけつ,むし,物理,80,1,,,,TRUE,,,100,12,相手に与えたダメージの半分だけ自分のHPが回復する。
きょけんとつげき,ドラゴン,物理,120,1,,,,,,,,,
きょじゅうざん,はがね,物理,100,1,,,,,,,,,
きょじゅうだん,はがね,物理,100,1,,,,,,,,,
キラースピン,どく,物理,30,1,,,,TRUE,,,100,16,自分が受けている技『うずしお』『からではさむ』『サンダープリズン』『しめつける』『すなじごく』『トラバサミ』『ほのおのうず』『マグマストーム』『まきつく』『やどりぎのタネ』および自分の場の『ステルスロック』『どくびし』『まきびし』『ねばねばネット』の効果を解除する。また、100%の確率で相手を『どく』状態にする。
きりさく,ノーマル,物理,80,1,,,,,TRUE,,,,
ギアソーサー,はがね,物理,50,1,,,,,,,,,
ギガインパクト,ノーマル,物理,150,1,,,,TRUE,,,90,8,使用した次のターンは行動できない。
ギガドレイン,くさ,特殊,75,1,,,,,,,100,12,相手に与えたダメージの半分だけ自分のHPが回復する。
ぎんいろのかぜ,むし,特殊,60,1,,,,,,,,,
クイックターン,みず,物理,60,1,,,,TRUE,,,100,20,攻撃後、手持ちのポケモンと入れ替わる。
くさのちかい,くさ,特殊,80,1,,,,,,,,,
くさわけ,くさ,物理,50,1,,,,TRUE,,,100,20,100%の確率で自分の『すばやさ』ランクが1段階上がる。
くちばしキャノン,ひこう,物理,120,1,,,,,,,100,8,必ず後攻になる(優先度:-3)。技が発動する前に接触技(直接攻撃)を受けると、そのポケモンを『やけど』状態にする。技はそのまま受ける。
くらいつく,あく,物理,80,1,,,,,,,,,
クラブハンマー,みず,物理,100,1,,,,TRUE,,,95,12,急所に当たりやすい(急所ランク:+1)。
クリアスモッグ,どく,特殊,50,1,,,,,,,-,16,相手の能力ランクの変化を元に戻す。自分の命中率、相手の回避率に関係なく必ず命中する。
クロスサンダー,でんき,物理,100,1,,,,,,,,,
クロスチョップ,かくとう,物理,100,1,,,,TRUE,,,80,8,急所に当たりやすい(急所ランク:+1)。
クロスフレイム,ほのお,特殊,100,1,,,,,,,,,
クロスポイズン,どく,物理,70,1,,,,TRUE,TRUE,,100,20,10%の確率で相手を『どく』状態にする。急所に当たりやすい(急所ランク:+1)。
クロロブラスト,くさ,特殊,150,1,,,,,,,,,
グラススライダー,くさ,物理,55,1,,,,TRUE,,,100,20,場の状態が『グラスフィールド』で、自分が『ひこう』タイプや特性『ふゆう』などではなく地面にいる時、必ず先制できる(優先度:+1)。
グラスミキサー,くさ,特殊,65,1,,,,,,,,,
グランドフォース,じめん,物理,90,1,,,,,,,,,
グロウパンチ,かくとう,物理,40,1,,,,,,,,,
げきりん,ドラゴン,物理,120,1,,,,TRUE,,,100,12,自分は『あばれ』状態となり、2～3ターン連続で攻撃し、他の行動はできない。その後1～4ターンの間『こんらん』状態になる。
ゲップ,どく,特殊,120,1,,,,,,,90,12,この技は『きのみ』を食べると使えるようになる。
げんしのちから,いわ,特殊,60,1,,,,,,,100,8,10%の確率で自分の『こうげき』『ぼうぎょ』『とくこう』『とくぼう』『すばやさ』ランクが1段階ずつ上がる。
コールドフレア,こおり,特殊,140,1,,,,,,,,,
コアパニッシャー,ドラゴン,特殊,100,1,,,,,,,,,
こうげきしれい,むし,物理,90,1,,,,,,,,,
こうそくスピン,ノーマル,物理,50,1,,,,TRUE,,,100,20,自分が受けている技『うずしお』『からではさむ』『サンダープリズン』『しめつける』『すなじごく』『トラバサミ』『ほのおのうず』『マグマストーム』『まきつく』『やどりぎのタネ』および自分の場の『ステルスロック』『どくびし』『まきびし』『ねばねばネット』の効果を解除する。第8世代からは、攻撃後、100%の確率で自分の『すばやさ』ランクが1段階上がる。(第7世代までは威力20)
こおりのいぶき,こおり,特殊,60,1,TRUE,,,,,,90,12,必ず急所に当たる。
こおりのキバ,こおり,物理,65,1,,,,TRUE,,,95,16,10%の確率で相手を『こおり』状態にする。10%の確率で、相手をひるませる。
こおりのつぶて,こおり,物理,40,1,,,,,,,100,20,必ず先制できる(優先度:+1)。
こがらしあらし,ひこう,特殊,100,1,,,,,,,,,
こごえるかぜ,こおり,特殊,55,1,,,,,,,95,16,100%の確率で相手の『すばやさ』ランクを1段階下げる。
こごえるせかい,こおり,特殊,65,1,,,,,,,,,
こちこちフロスト,こおり,特殊,100,1,,,,,,,,,
こなゆき,こおり,特殊,40,1,,,,,,,,,
このは,くさ,物理,40,1,,,,,,,,,
コメットパンチ,はがね,物理,90,1,,,,TRUE,,,90,12,20%の確率で自分の『こうげき』ランクが1段階上がる。特性『てつのこぶし』の時、威力が1.2倍になる。
こんげんのはどう,みず,特殊,110,1,,,,,,,,,
ゴーストダイブ,ゴースト,物理,90,1,,,,TRUE,,,100,12,1ターン目に消えて、2ターン目に攻撃する。消えている間はほとんどの技を受けない。相手の『まもる』『みきり』『たたみがえし』『トーチカ』『キングシールド』『ニードルガード』『ブロッキング』『スレッドトラップ』『かえんのまもり』の効果を受けない(『ダイウォール』を除く)。(なお、第7世代以降は相手が『ちいさくなる』を使っている時の必中2倍効果はない)
ゴールドラッシュ,はがね,特殊,120,1,,,,,,,,,
ゴッドバード,ひこう,物理,140,1,,,,,,,90,8,1ターン目は攻撃せずに、2ターン目で攻撃する。30%の確率で相手をひるませる。急所に当たりやすい(急所ランク:+1)。
サイケこうせん,エスパー,特殊,65,1,,,,,,,,,
サイコカッター,エスパー,物理,70,1,,,,,TRUE,,100,20,急所に当たりやすい(急所ランク:+1)。
サイコキネシス,エスパー,特殊,90,1,,,,,,,100,12,10%の確率で相手の『とくぼう』ランクを1段階下げる。
サイコショック,エスパー,特殊,80,1,,,,,,,100,12,相手の『とくぼう』ではなく、相手の『ぼうぎょ』の能力値でダメージ計算する。
サイコノイズ,エスパー,特殊,75,1,,,,,,TRUE,100,12,100%の確率で、相手は2ターンの間『かいふくふうじ』状態となり、回復系の技『あさのひざし』『いやしのねがい』『いやしのはどう』『ウッドホーン』『かいふくしれい』『ギガドレイン』『きゅうけつ』『こうごうせい』『じこさいせい』『じょうか』『すいとる』『すなあつめ』『タマゴうみ』『ちからをすいとる』『つきのひかり』『デスウイング』『ドレインキッス』『ドレインパンチ』『なまける』『ねがいごと』『ねむる』『のみこむ』『はねやすめ』『パラボラチャージ』『フラワーヒール』『みかづきのまい』『ミルクのみ』『メガドレイン』『ゆめくい』『いのちのしずく』『ジャングルヒール』『みかづきのいのり』『さいきのいのり』『むねんのつるぎ』『シャカシャカほう』が使えなくなり、また特性や道具、場の状態などでHPが回復しなくなる。音系の技。相手の『みがわり』状態を貫通する。
サイコファング,エスパー,物理,85,1,,,,TRUE,,,100,12,相手の技『リフレクター』『ひかりのかべ』『オーロラベール』を解除して攻撃する。
サイコブースト,エスパー,特殊,140,1,,,,,,,,,
サイコブレイク,エスパー,特殊,100,1,,,,,,,,,
サイコブレイド,エスパー,物理,80,1,,,,,,,,,
サウザンアロー,じめん,物理,90,1,,,,,,,,,
サウザンウェーブ,じめん,物理,90,1,,,,,,,,,
さばきのつぶて,ノーマル,特殊,100,1,,,,,,,,,
さわぐ,ノーマル,特殊,90,1,,,,,,TRUE,100,12,3ターン連続で攻撃し、その間はすべてのポケモンが『ねむり』状態にならない。音系の技。相手の『みがわり』状態を貫通する。
サンダーダイブ,でんき,物理,100,1,,,,TRUE,,,95,16,攻撃が外れたり、相手の技『まもる』などで失敗すると、自分の最大HPの半分のダメージを自分が受ける。相手が技『ちいさくなる』を使用していると必ず命中し、威力が2倍になる。
サンダープリズン,でんき,特殊,80,1,,,,,,,,,
シードフレア,くさ,特殊,120,1,,,,,,,,,
シェルアームズ,どく,特殊,90,1,,,,,,,100,12,この技の分類は、物理・特殊それぞれの場合のダメージを比較して、大きい方の分類で攻撃する(物理の場合は自分の『こうげき』と相手の『ぼうぎょ』でダメージ計算)。20%の確率で相手を『どく』状態にする。
シェルブレード,みず,物理,75,1,,,,TRUE,TRUE,,95,12,50%の確率で相手の『ぼうぎょ』ランクを1段階下げる。
しおづけ,いわ,物理,40,1,,,,,,,100,16,追加効果として相手を『しおづけ』状態にして、毎ターン終了後、相手の最大HPの1/16のダメージを与える。相手が『はがね』や『みず』タイプの場合は、毎ターン最大HPの1/8のダメージになる。(ポケモンSVでは通常1/8、はがね・みずタイプは1/4のダメージだった)
しおふき,みず,特殊,150,1,,,,,,,100,8,自分のHPが少ないほど技の威力が下がる。(150×自分の残りHP÷自分の最大HP)が威力。
しおみず,みず,特殊,65,1,,,,,,,,,
シグナルビーム,むし,特殊,75,1,,,,,,,,,
シザークロス,むし,物理,80,1,,,,TRUE,TRUE,,100,16,通常攻撃。
したでなめる,ゴースト,物理,30,1,,,,,,,,,
しっとのほのお,ほのお,特殊,70,1,,,,,,,100,8,100%の確率で、そのターンの間に能力ランクが上がった相手ポケモンを『やけど』状態にする(通常は後攻で攻撃する必要があるが、場に出た時に能力ランクが上がった場合も対象となる)。
しっぺがえし,あく,物理,50,1,,,,TRUE,,,100,12,自分が後攻の時、威力が2倍になる。
しねんのずつき,エスパー,物理,80,1,,,,TRUE,,,90,16,20%の確率で相手をひるませる。
しめつける,ノーマル,物理,15,1,,,,TRUE,,,85,20,相手を『バインド』状態にして、4～5ターンの間、毎ターン終了後最大HPの1/8のダメージを与え、その間『ゴースト』タイプではない相手は逃げたり交代できない。
シャカシャカほう,くさ,特殊,80,1,,,,,,,90,16,相手に与えたダメージの半分だけ自分のHPが回復する。また、20%の確率で相手を『やけど』状態にする。自分が『こおり』状態の時でも使う事ができ、使うと『こおり』状態が治る。また、相手の『こおり』状態を治す。
シャドークロー,ゴースト,物理,70,1,,,,TRUE,TRUE,,100,16,急所に当たりやすい(急所ランク:+1)。
シャドースチール,ゴースト,物理,90,1,,,,,,,,,
シャドーダイブ,ゴースト,物理,120,1,,,,,,,,,
シャドーパンチ,ゴースト,物理,60,1,,,,TRUE,,,-,20,自分の命中率、相手の回避率に関係なく必ず命中する。特性『てつのこぶし』の時、威力が1.2倍になる。
シャドーボール,ゴースト,特殊,80,1,,,,,,,100,16,20%の確率で相手の『とくぼう』ランクを1段階下げる。
シャドーボーン,ゴースト,物理,85,1,,,,,,,,,
シャドーレイ,ゴースト,特殊,100,1,,,,,,,,,
しんくうは,かくとう,特殊,40,1,,,,,,,100,20,必ず先制できる(優先度:+1)。
シンクロノイズ,エスパー,特殊,120,1,,,,,,,,,
しんそく,ノーマル,物理,80,1,,,,TRUE,,,100,8,必ず先制できる(優先度:+2)。
しんぴのちから,エスパー,特殊,70,1,,,,,,,,,
しんぴのつるぎ,かくとう,特殊,85,1,,,,,,,,,
Gのちから,くさ,物理,90,1,,,,,,,100,12,100%の確率で相手の『ぼうぎょ』ランクを1段階下げる。場が『じゅうりょく』状態の時、威力が1.5倍になる。
ジェットパンチ,みず,物理,60,1,,,,TRUE,,,100,16,必ず先制できる(優先度:+1)。特性『てつのこぶし』の時、威力が1.2倍になる。
じごくぐるま,かくとう,物理,80,1,,,,,,,,,
じごくづき,あく,物理,80,1,,,,TRUE,,,100,16,相手は2ターンの間、音系の技『いにしえのうた』『いびき』『いやしのすず』『いやなおと』『うたう』『うたかたのアリア』『エコーボイス』『おしゃべり』『おたけび』『きんぞくおん』『くさぶえ』『さわぐ』『スケイルノイズ』『すてゼリフ』『チャームボイス』『ちょうおんぱ』『とおぼえ』『ないしょばなし』『なきごえ』『バークアウト』『ハイパーボイス』『ばくおんぱ』『ほえる』『ほろびのうた』『むしのさざめき』『りんしょう』『ソウルビート』『オーバードライブ』『ぶきみなじゅもん』『フレアソング』『みわくのボイス』『サイコノイズ』を使えなくなる。
じしん,じめん,物理,100,1,,,,,,,100,12,相手が技『あなをほる』を使っている時でも命中し、ダメージが2倍になる。『グラスフィールド』の時、威力が半減する。
じだんだ,じめん,物理,75,1,,,,TRUE,,,100,12,前のターンで自分が使った技が外れたり失敗したり、『まひ』『こんらん』『ひるみ』状態などで行動できなかった場合、威力が2倍になる。
じならし,じめん,物理,60,1,,,,,,,100,20,100%の確率で相手の『すばやさ』ランクを1段階下げる。『グラスフィールド』の時、威力が半減する。
じばく,ノーマル,物理,200,1,,,,,,,100,8,攻撃後、自分が『ひんし』状態になる。
じゃどくのくさり,どく,特殊,100,1,,,,,,,,,
じゃれつく,フェアリー,物理,90,1,,,,TRUE,,,90,12,10%の確率で相手の『こうげき』ランクを1段階下げる。
10まんばりき,じめん,物理,95,1,,,,TRUE,,,95,12,通常攻撃。
10まんボルト,でんき,特殊,90,1,,,,,,,100,16,10%の確率で相手を『まひ』状態にする。
じんつうりき,エスパー,特殊,80,1,,,,,,,100,20,10%の確率で相手をひるませる。
じんらい,でんき,特殊,70,1,,,,,,,,,
スイープビンタ,ノーマル,物理,25,2～5,,,,TRUE,,,85,12,1ターンに2～5回連続で攻撃する。
すいとる,くさ,特殊,20,1,,,,,,,,,
すいりゅうれんだ,みず,物理,25,3,TRUE,,,,,,,,
スカイアッパー,かくとう,物理,85,1,,,,,,,,,
すくすくボンバー,くさ,物理,100,1,,,,,,,,,
スケイルショット,ドラゴン,物理,25,2～5,,,,,,,90,20,1ターンに2～5回連続で攻撃する。その後、自分の『ぼうぎょ』ランクが1段階下がり、『すばやさ』ランクが1段階上がる。
スケイルノイズ,ドラゴン,特殊,110,1,,,,,,TRUE,100,8,攻撃後、自分の『ぼうぎょ』ランクが1段階下がる。音系の技。相手の『みがわり』状態を貫通する。
スターアサルト,かくとう,物理,170,1,,,,,,,,,
スチームバースト,みず,特殊,110,1,,,,,,,,,
すてみタックル,ノーマル,物理,120,1,,,,TRUE,,,100,16,相手に与えたダメージの33%を自分も受ける。
ストーンエッジ,いわ,物理,100,1,,,,,,,80,8,急所に当たりやすい(急所ランク:+1)。
すなじごく,じめん,物理,35,1,,,,,,,85,16,相手を『バインド』状態にして、4～5ターンの間、毎ターン終了後最大HPの1/8のダメージを与え、その間『ゴースト』タイプではない相手は逃げたり交代できない。
スパーク,でんき,物理,65,1,,,,,,,,,
スピードスター,ノーマル,特殊,60,1,,,,,,,,,
スマートホーン,はがね,物理,70,1,,,,TRUE,,,-,12,自分の命中率、相手の回避率に関係なく必ず命中する。
スモッグ,どく,特殊,30,1,,,,,,,,,
ずつき,ノーマル,物理,70,1,,,,,,,,,
せいなるつるぎ,かくとう,物理,90,1,,,,TRUE,TRUE,,100,16,相手の能力ランクの変化に関係なく、ダメージを与える。
せいなるほのお,ほのお,物理,100,1,,,,,,,,,
ソーラービーム,くさ,特殊,120,1,,,,,,,100,12,1ターン目は攻撃せずに、2ターン目で攻撃する。天気が『にほんばれ』の時は1ターンためずに攻撃でき、『あめ』『ゆき』『すなあらし』の時は威力が半分になる。
ソーラーブレード,くさ,物理,125,1,,,,TRUE,TRUE,,100,12,1ターン目は攻撃せずに、2ターン目で攻撃する。天気が『にほんばれ』の時は1ターンためずに攻撃でき、『あめ』『ゆき』『すなあらし』の時は威力が半分になる。
ソウルクラッシュ,フェアリー,物理,75,1,,,,,,,,,
そらをとぶ,ひこう,物理,90,1,,,,TRUE,,,95,16,1ターン目に空中へ飛び上がり、2ターン目に攻撃する。空中にいる間は『うちおとす』『かぜおこし』『かみなり』『サウザンアロー』『スカイアッパー』『たつまき』『ぼうふう』以外の技を受けない。
たいあたり,ノーマル,物理,40,1,,,,,,,,,
タキオンカッター,はがね,特殊,50,2,,,,,,,,,
たきのぼり,みず,物理,80,1,,,,TRUE,,,100,12,20%の確率で相手をひるませる。
たたきつける,ノーマル,物理,80,1,,,,,,,,,
たたりめ,ゴースト,特殊,65,1,,,,,,,100,12,相手が状態異常の時、威力が2倍になる。
たつまき,ドラゴン,特殊,40,1,,,,,,,,,
タネばくだん,くさ,物理,80,1,,,,,,,100,16,通常攻撃。
タネマシンガン,くさ,物理,25,2～5,,,,,,,100,20,1ターンに2～5回連続で攻撃する。
タマゴばくだん,ノーマル,物理,100,1,,,,,,,,,
たまなげ,ノーマル,物理,15,2～5,,,,,,,,,
だいちのちから,じめん,特殊,90,1,,,,,,,100,12,10%の確率で相手の『とくぼう』ランクを1段階下げる。
だいちのはどう,ノーマル,特殊,50,1,,,,,,,100,12,場の状態がフィールドで、自分が『ひこう』タイプや特性『ふゆう』などではなく地面にいる時、技のタイプが変化し、威力も2倍になる(フィールドの1.3倍の効果もさらに加わる)。『グラスフィールド』の時は『くさ』タイプ、『ミストフィールド』の時は『フェアリー』タイプ、『エレキフィールド』の時は『でんき』タイプ、『サイコフィールド』の時は『エスパー』タイプの技となる。
だいばくはつ,ノーマル,物理,250,1,,,,,,,100,8,攻撃後、自分が『ひんし』状態になる。
ダイビング,みず,物理,80,1,,,,TRUE,,,100,12,1ターン目に水中へ潜り、2ターン目に攻撃する。水中にいる間は『なみのり』『うずしお』以外の技を受けない。
だいふんげき,ほのお,物理,120,1,,,,,,,100,12,自分は『あばれ』状態となり、2～3ターン連続で攻撃し、他の行動はできない。その後1～4ターンの間『こんらん』状態になる。
ダイマックスほう,ドラゴン,特殊,100,1,,,,,,,,,
だいもんじ,ほのお,特殊,110,1,,,,,,,85,8,10%の確率で相手を『やけど』状態にする。
ダイヤストーム,いわ,物理,100,1,,,,,,,,,
だくりゅう,みず,特殊,90,1,,,,,,,85,12,30%の確率で相手の命中率を1段階下げる。
ダストシュート,どく,物理,120,1,,,,,,,80,8,30%の確率で相手を『どく』状態にする。
ダブルアタック,ノーマル,物理,35,2,,,,TRUE,,,90,12,1ターンに2回連続で攻撃する。
ダブルウイング,ひこう,物理,40,2,,,,TRUE,,,90,12,1ターンに2回連続で攻撃する。
ダブルチョップ,ドラゴン,物理,40,2,,,,,,,,,
ダブルニードル,むし,物理,25,2,,,,,,,,,
ダブルパンツァー,はがね,物理,60,2,,,,,,,,,
だましうち,あく,物理,60,1,,,,,,,,,
ダメおし,あく,物理,60,1,,,,TRUE,,,100,12,そのターン、相手が既にダメージを受けている時、威力が2倍になる。
だんがいのつるぎ,じめん,物理,120,1,,,,,,,,,
チャージビーム,でんき,特殊,50,1,,,,,,,90,12,70%の確率で自分の『とくこう』ランクが1段階上がる。
チャームボイス,フェアリー,特殊,40,1,,,,,,,,,
ついばむ,ひこう,物理,60,1,,,,TRUE,,,100,20,相手が持っているバトルに効果のある『きのみ』を奪って、自分に使う。
ツインビーム,エスパー,特殊,40,1,,,,,,,100,12,1ターンに2回連続で攻撃する。
つけあがる,あく,物理,20,1,,,,TRUE,,,100,12,自分のいずれかの能力ランクが1つ上がる度に威力が20上がる。
つじぎり,あく,物理,70,1,,,,TRUE,TRUE,,100,20,急所に当たりやすい(急所ランク:+1)。
ツタこんぼう,くさ,物理,100,1,,,,,,,,,
つっぱり,かくとう,物理,15,2～5,,,,,,,,,
つつく,ひこう,物理,35,1,,,,,,,,,
つのでつく,ノーマル,物理,65,1,,,,,,,,,
つばさでうつ,ひこう,物理,60,1,,,,,,,,,
つばめがえし,ひこう,物理,60,1,,,,TRUE,TRUE,,-,20,自分の命中率、相手の回避率に関係なく必ず命中する。
つららおとし,こおり,物理,85,1,,,,,,,90,12,30%の確率で相手をひるませる。
つららばり,こおり,物理,25,2～5,,,,,,,100,20,1ターンに2～5回連続で攻撃する。
つるのムチ,くさ,物理,45,1,,,,,,,,,
テクノバスター,ノーマル,特殊,120,1,,,,,,,,,
てっていこうせん,はがね,特殊,140,1,,,,,,,95,8,自分のHPを最大HPの半分だけ減らす。『まもる』などで技が防がれた場合も、自分のHPは減る。
テラクラスター,ノーマル,特殊,120,1,,,,,,,,,
テラバースト,ノーマル,auto,80,1,,TRUE,,,,,,,
であいがしら,むし,物理,100,1,,,,TRUE,,,100,12,必ず先制できる(優先度:+2)。ただし、出た最初のターンしか成功しない。
DDラリアット,あく,物理,85,1,,,,TRUE,,,100,12,相手の能力ランクの変化に関係なく、ダメージを与える。
デカハンマー,はがね,物理,160,1,,,,,,,100,8,この技は2回連続で出すことができない。
デスウイング,ひこう,特殊,80,1,,,,,,,,,
でんきショック,でんき,特殊,40,1,,,,,,,,,
でんげきくちばし,でんき,物理,85,1,,,,,,,,,
でんげきは,でんき,特殊,60,1,,,,,,,,,
でんこうせっか,ノーマル,物理,40,1,,,,TRUE,,,100,20,必ず先制できる(優先度:+1)。
でんこうそうげき,でんき,物理,120,1,,,,,,,,,
でんじほう,でんき,特殊,120,1,,,,,,,50,8,100%の確率で相手を『まひ』状態にする。
ときのほうこう,ドラゴン,特殊,150,1,,,,,,,,,
とげキャノン,ノーマル,物理,20,2～5,,,,,,,,,
とっしん,ノーマル,物理,90,1,,,,,,,,,
とっておき,ノーマル,物理,140,1,,,,TRUE,,,100,8,この技は自分の持っている他の技をすべて使うと使えるようになる。
とどめばり,むし,物理,50,1,,,,TRUE,,,100,20,この技で相手を倒すと、自分の『こうげき』ランクが3段階上がる。
とびかかる,むし,物理,80,1,,,,TRUE,,,100,16,100%の確率で相手の『こうげき』ランクを1段階下げる。
とびげり,かくとう,物理,100,1,,,,,,,,,
とびつく,むし,物理,50,1,,,,TRUE,,,100,20,100%の確率で相手の『すばやさ』ランクを1段階下げる。
とびはねる,ひこう,物理,85,1,,,,TRUE,,,85,8,1ターン目に空中へ飛び上がり、2ターン目に攻撃する。空中にいる間は『うちおとす』『かぜおこし』『かみなり』『サウザンアロー』『スカイアッパー』『たつまき』『ぼうふう』以外の技を受けない。30%の確率で相手を『まひ』状態にする。
とびひざげり,かくとう,物理,130,1,,,,TRUE,,,90,12,攻撃が外れたり、相手の技『まもる』などで失敗すると、自分の最大HPの半分のダメージを自分が受ける。
ともえなげ,かくとう,物理,60,1,,,,TRUE,,,90,12,必ず後攻になる(優先度:-6)。攻撃後、相手のポケモンを強制的に交代させる。野生のポケモンの場合は戦闘を終了する。ダイマックスしている相手には追加効果は無効。
トライアタック,ノーマル,特殊,80,1,,,,,,,100,12,20%の確率で相手を『まひ』『やけど』『こおり』状態のうちの1つにする。どの状態異常になるかはランダム。
トラップシェル,ほのお,特殊,150,1,,,,,,,,,
トラバサミ,くさ,物理,35,1,,,,TRUE,,,100,16,相手を『バインド』状態にして、4～5ターンの間、毎ターン終了後最大HPの1/8のダメージを与え、その間『ゴースト』タイプではない相手は逃げたり交代できない。
トリックフラワー,くさ,物理,70,1,TRUE,,,,,,-,12,必ず急所に当たる。自分の命中率、相手の回避率に関係なく必ず命中する。
トリプルアクセル,こおり,物理,20,3,,,,TRUE,,,90,12,1ターンに外れるまで最大3回連続で攻撃する。攻撃が当たる度に威力が20ずつ増える。
トリプルキック,かくとう,物理,10,3,,,,,,,,,
トリプルダイブ,みず,物理,30,3,,,,,,,,,
トロピカルキック,くさ,物理,85,1,,,,TRUE,,,100,16,100%の確率で相手の『こうげき』ランクを1段階下げる。
とんぼがえり,むし,物理,70,1,,,,TRUE,,,100,20,攻撃後、手持ちのポケモンと入れ替わる。
どくづき,どく,物理,80,1,,,,TRUE,,,100,20,30%の確率で相手を『どく』状態にする。
どくどくのキバ,どく,物理,50,1,,,,TRUE,,,100,16,50%の確率で相手を『もうどく』状態にする。『もうどく』状態は通常の『どく』状態と違い、受けるダメージが1/16、2/16、3/16・・・と増えていく。交代すると改めて1/16からになる。
どくばり,どく,物理,15,1,,,,,,,,,
どくばりセンボン,どく,物理,60,1,,,,,,,,,
どげざつき,あく,物理,80,1,,,,,,,,,
ドゲザン,あく,物理,85,1,,,,TRUE,TRUE,,-,12,自分の命中率、相手の回避率に関係なく必ず命中する。
どばどばオーラ,エスパー,特殊,80,1,,,,,,,,,
ドラゴンアロー,ドラゴン,物理,50,2,,,,,,,100,12,1ターンに2回連続で攻撃する。相手が2匹いる場合は、それぞれに1回ずつ攻撃する。ただし、技『まもる』やタイプ相性などでダメージを与えられない時は片方に2回攻撃する。
ドラゴンエナジー,ドラゴン,特殊,150,1,,,,,,,,,
ドラゴンクロー,ドラゴン,物理,80,1,,,,TRUE,TRUE,,100,16,通常攻撃。
ドラゴンダイブ,ドラゴン,物理,100,1,,,,TRUE,,,75,12,20%の確率で相手をひるませる。相手が『ちいさくなる』を使用していると必ず命中し、威力が2倍になる。
ドラゴンテール,ドラゴン,物理,60,1,,,,TRUE,,,90,12,必ず後攻になる(優先度:-6)。攻撃後、相手のポケモンを強制的に交代させる。野生のポケモンの場合は戦闘を終了する。ダイマックスしている相手には追加効果は無効。
ドラゴンハンマー,ドラゴン,物理,90,1,,,,,,,,,
ドラムアタック,くさ,物理,80,1,,,,,,,,,
ドリルくちばし,ひこう,物理,80,1,,,,TRUE,,,100,20,通常攻撃。
ドリルライナー,じめん,物理,80,1,,,,TRUE,,,95,12,急所に当たりやすい(急所ランク:+1)。
ドレインキッス,フェアリー,特殊,50,1,,,,TRUE,,,100,12,相手に与えたダメージの3/4だけ自分のHPが回復する。
ドレインパンチ,かくとう,物理,75,1,,,,TRUE,,,100,12,相手に与えたダメージの半分だけ自分のHPが回復する。特性『てつのこぶし』の時、威力が1.2倍になる。
どろかけ,じめん,特殊,20,1,,,,,,,100,12,100%の確率で相手の命中率を1段階下げる。
どろばくだん,じめん,特殊,65,1,,,,,,,,,
どろぼう,あく,物理,60,1,,,,TRUE,,,100,20,相手が持っている道具を自分の物にする。自分が既に道具を持っている場合は失敗するが、技『はたきおとす』で自分の道具が無効化されている時は奪う事ができ、道具は上書きされる。トレーナー戦の場合はバトル終了後になくなる。
ナイトバースト,あく,特殊,90,1,,,,,,,95,12,40%の確率で相手の命中率を1段階下げる。
なしくずし,ノーマル,物理,70,1,,,,,,,,,
なみのり,みず,特殊,90,1,,,,,,,100,16,相手が『ダイビング』を使っている時でも命中し、ダメージが2倍になる。
ニードルアーム,くさ,物理,60,1,,,,,,,,,
ニトロチャージ,ほのお,物理,50,1,,,,TRUE,,,100,20,100%の確率で自分の『すばやさ』ランクが1段階上がる。
にどげり,かくとう,物理,30,1,,,,,,,,,
ねこだまし,ノーマル,物理,40,1,,,,TRUE,,,100,12,必ず先制でき(優先度:+3)、100%の確率で相手をひるませる。ただし、出た最初のターンしか成功しない。
ネコにこばん,ノーマル,物理,40,1,,,,,,,,,
ネズミざん,ノーマル,物理,20,1～10,,,,TRUE,TRUE,,90,12,1ターンに外れるまで最大10回連続で攻撃する。
ねっさのあらし,じめん,特殊,100,1,,,,,,,,,
ねっさのだいち,じめん,特殊,70,1,,,,,,,100,12,30%の確率で相手を『やけど』状態にする。自分が『こおり』状態の時でも使う事ができ、使うと『こおり』状態が治る。
ねっとう,みず,特殊,80,1,,,,,,,100,16,30%の確率で相手を『やけど』状態にする。自分が『こおり』状態の時でも使う事ができ、使うと『こおり』状態が治る。また、相手の『こおり』状態を治す。
ねっぷう,ほのお,特殊,95,1,,,,,,,90,12,10%の確率で相手を『やけど』状態にする。
ねらいうち,みず,特殊,85,1,,,,,,,,,
ねんりき,エスパー,特殊,50,1,,,,,,,,,
のしかかり,ノーマル,物理,85,1,,,,TRUE,,,100,16,30%の確率で相手を『まひ』状態にする。相手が技『ちいさくなる』を使用していると必ず命中し、威力が2倍になる。
ハートスタンプ,エスパー,物理,60,1,,,,,,,,,
ハードプラント,くさ,特殊,150,1,,,,,,,90,8,使用した次のターンは行動できない。
ハードローラー,むし,物理,65,1,,,,,,,,,
ハイドロカノン,みず,特殊,150,1,,,,,,,90,8,使用した次のターンは行動できない。
ハイドロスチーム,みず,特殊,80,1,,,,,,,,,
ハイドロポンプ,みず,特殊,110,1,,,,,,,80,8,通常攻撃。
ハイパードリル,ノーマル,物理,100,1,,,,,,,,,
ハイパーボイス,ノーマル,特殊,90,1,,,,,,TRUE,100,12,音系の技。相手の『みがわり』状態を貫通する。
はいよるいちげき,むし,物理,70,1,,,,TRUE,,,90,12,100%の確率で、相手の『とくこう』ランクを1段階下げる
はかいこうせん,ノーマル,特殊,150,1,,,,,,,90,8,使用した次のターンは行動できない。
はがねのつばさ,はがね,物理,70,1,,,,TRUE,,,90,20,10%の確率で自分の『ぼうぎょ』ランクが1段階上がる。
はさむ,ノーマル,物理,55,1,,,,,,,,,
はじけるほのお,ほのお,特殊,70,1,,,,,,,,,
はたきおとす,あく,物理,65,1,,,,TRUE,,,100,20,相手が道具を持っている場合、威力が1.5倍になり、さらに道具を持っていない状態にする。戦闘終了後、道具は元に戻る。
はたく,ノーマル,物理,40,1,,,,TRUE,,,100,20,通常攻撃。
はっけい,かくとう,物理,60,1,,,,,,,,,
はっぱカッター,くさ,物理,55,1,,,,,,,,,
はどうだん,かくとう,特殊,80,1,,,,,,,-,20,自分の命中率、相手の回避率に関係なく必ず命中する。
はなびらのまい,くさ,特殊,120,1,,,,TRUE,,,100,12,自分は『あばれ』状態となり、2～3ターン連続で攻撃し、他の行動はできない。その後1～4ターンの間『こんらん』状態になる。
はなふぶき,くさ,物理,90,1,,,,,,,100,16,通常攻撃。
はめつのねがい,はがね,特殊,140,1,,,,,,,,,
はめつのひかり,フェアリー,特殊,140,1,,,,,,,90,8,相手に与えたダメージの1/2を自分も受ける。
はやてがえし,かくとう,物理,65,1,,,,TRUE,,,100,16,必ず先制できる(優先度:+3)。相手を100%の確率でひるませる。ただし、そのターン相手が選んだ技が先制技ではない場合や、すでに攻撃を終えていた場合は失敗する。
はるのあらし,フェアリー,特殊,100,1,,,,,,,,,
バークアウト,あく,特殊,55,1,,,,,,TRUE,95,16,100%の確率で相手の『とくこう』ランクを1段階下げる。音系の技。相手の『みがわり』状態を貫通する。
ばかぢから,かくとう,物理,120,1,,,,TRUE,,,100,8,攻撃後、自分の『こうげき』『ぼうぎょ』ランクが1段階ずつ下がる。
ばくおんぱ,ノーマル,特殊,140,1,,,,,,TRUE,100,12,音系の技。相手の『みがわり』状態を貫通する。
ばくれつパンチ,かくとう,物理,100,1,,,,TRUE,,,50,8,100%の確率で相手を1～4ターンの間『こんらん』状態にする。特性『てつのこぶし』の時、威力が1.2倍になる。
ばちばちアクセル,でんき,物理,80,1,,,,,,,,,
バブルこうせん,みず,特殊,65,1,,,,,,,,,
バリアーラッシュ,エスパー,物理,90,1,,,,TRUE,,,90,12,攻撃後、100%の確率で自分の『ぼうぎょ』ランクが1段階上がる。
バレットパンチ,はがね,物理,40,1,,,,TRUE,,,100,20,必ず先制できる(優先度:+1)。特性『てつのこぶし』の時、威力が1.2倍になる。
パラボラチャージ,でんき,特殊,65,1,,,,,,,100,20,相手に与えたダメージの半分だけ自分のHPが回復する。
パワーウィップ,くさ,物理,120,1,,,,TRUE,,,85,12,通常攻撃。
パワージェム,いわ,特殊,80,1,,,,,,,100,20,通常攻撃。
パワフルエッジ,いわ,物理,95,1,,,,,,,,,
ひけん･ちえなみ,あく,物理,65,1,,,,TRUE,TRUE,,90,16,攻撃後、相手の場を『まきびし』状態にする。
ひっかく,ノーマル,物理,40,1,,,,,,,,,
ひっさつまえば,ノーマル,物理,80,1,,,,,,,,,
ひのこ,ほのお,特殊,40,1,,,,,,,,,
ひみつのちから,ノーマル,物理,70,1,,,,,,,,,
ひゃっきやこう,ゴースト,特殊,65,1,,,,,,,100,16,30%の確率で相手を『やけど』状態にする。相手が状態異常の時、威力が2倍になる。
ひやみず,みず,特殊,50,1,,,,,,,100,20,100%の確率で相手の『こうげき』ランクを1段階下げる。
ひょうざんおろし,こおり,物理,120,1,,,,,,,85,12,30%の確率で相手をひるませる。
ビックリヘッド,ほのお,特殊,150,1,,,,,,,,,
びりびりエレキ,でんき,特殊,60,1,,,,,,,,,
びりびりちくちく,でんき,物理,80,1,,,,,,,,,
ピヨピヨパンチ,ノーマル,物理,70,1,,,,,,,,,
ふいうち,あく,物理,70,1,,,,TRUE,,,100,8,必ず先制できる(優先度:+1)。そのターン相手が選んだ技が攻撃技ではない場合や、優先度などの関係ですでに攻撃を終えていた場合は失敗する。相手が『ねむり』『こおり』状態でも攻撃技を選択していれば成功する。
フェイタルクロー,どく,物理,80,1,,,,TRUE,TRUE,,100,16,30%の確率で、相手を『どく』『まひ』『ねむり』状態のいずれかにする。
フェイント,ノーマル,物理,30,1,,,,,,,100,12,必ず先制できる(優先度:+2)。相手が技『まもる』『みきり』『たたみがえし』『トーチカ』『キングシールド』『ニードルガード』『ブロッキング』『スレッドトラップ』『かえんのまもり』『ファストガード』『ワイドガード』をしている場合は、その効果を解除して攻撃できる(使用していない場合は通常攻撃)。『ダイウォール』は解除はできないが、貫通する。
フォトンゲイザー,エスパー,特殊,100,1,,,,,,,,,
ふぶき,こおり,特殊,110,1,,,,,,,70,8,10%の確率で相手を『こおり』状態にする。天気が『ゆき』の時は必ず命中する。
ふみつけ,ノーマル,物理,65,1,,,,,,,,,
フライングプレス,かくとう,物理,100,1,,,,TRUE,,,95,12,この技は『かくとう』タイプであると同時に『ひこう』タイプでもある。相手が技『ちいさくなる』を使用していると必ず命中し、威力が2倍になる。
フリーズドライ,こおり,特殊,70,1,,,,,,,100,20,10%の確率で相手を『こおり』状態にする。この技は『みず』タイプにも効果抜群になる。
フリーズボルト,こおり,物理,140,1,,,,,,,,,
フリーフォール,ひこう,物理,60,1,,,,,,,,,
フルールカノン,フェアリー,特殊,130,1,,,,,,,,,
フレアソング,ほのお,特殊,80,1,,,,,,TRUE,100,12,100%の確率で自分の『とくこう』ランクを1段階上げる。音系の技。相手の『みがわり』状態を貫通する。
フレアドライブ,ほのお,物理,120,1,,,,TRUE,,,100,16,相手に与えたダメージの33%を自分も受ける。10%の確率で相手を『やけど』状態にする。自分が『こおり』状態の時でも使う事ができ、使うと『こおり』状態が治る。
ふわふわフォール,ひこう,物理,90,1,,,,,,,,,
ふんえん,ほのお,特殊,80,1,,,,,,,100,16,30%の確率で相手を『やけど』状態にする。
ふんか,ほのお,特殊,150,1,,,,,,,100,8,自分のHPが少ないほど技の威力が下がる。(150×自分の残りHP÷自分の最大HP)が威力。
ふんどのこぶし,ゴースト,物理,50,1,,,,,,,,,
Vジェネレート,ほのお,物理,180,1,,,,,,,,,
ぶきみなじゅもん,エスパー,特殊,80,1,,,,,,TRUE,100,8,相手の最後に使った技のPPを3減らす。音系の技。相手の『みがわり』状態を貫通する。
ぶちかまし,じめん,物理,120,1,,,,TRUE,,,100,8,攻撃後、自分の『ぼうぎょ』『とくぼう』ランクが1段階ずつ下がる。特性『てつのこぶし』の時、威力が1.2倍になる。
ブラストバーン,ほのお,特殊,150,1,,,,,,,90,8,使用した次のターンは行動できない。
ブラッドムーン,ノーマル,特殊,140,1,,,,,,,,,
ブリザードランス,こおり,物理,120,1,,,,,,,,,
ブレイククロー,ノーマル,物理,75,1,,,,TRUE,TRUE,,95,12,50%の確率で相手の『ぼうぎょ』ランクを1段階下げる。
ブレイズキック,ほのお,物理,85,1,,,,TRUE,,,90,12,10%の確率で相手を『やけど』状態にする。急所に当たりやすい(急所ランク:+1)。
ブレイブバード,ひこう,物理,120,1,,,,TRUE,,,100,16,相手に与えたダメージの33%を自分も受ける。
ぶんまわす,あく,物理,60,1,,,,TRUE,,,100,20,通常攻撃。
プラズマフィスト,でんき,物理,100,1,,,,,,,,,
プリズムレーザー,エスパー,特殊,160,1,,,,,,,,,
ヘドロウェーブ,どく,特殊,95,1,,,,,,,100,12,10%の確率で相手を『どく』状態にする。
ヘドロこうげき,どく,特殊,65,1,,,,,,,,,
ヘドロばくだん,どく,特殊,90,1,,,,,,,100,12,30%の確率で相手を『どく』状態にする。
ベノムショック,どく,特殊,65,1,,,,,,,100,12,相手が『どく』『もうどく』状態の時、威力が2倍になる。
ホイールスピン,はがね,物理,100,1,,,,,,,,,
ほうでん,でんき,特殊,80,1,,,,,,,100,16,30%の確率で相手を『まひ』状態にする。
ほしがる,ノーマル,物理,60,1,,,,TRUE,,,100,20,相手が持っている道具を自分の物にする。自分が既に道具を持っている場合は失敗するが、技『はたきおとす』で自分の道具が無効化されている時は奪う事ができ、道具は上書きされる。トレーナー戦の場合はバトル終了後になくなる。
ほっぺすりすり,でんき,物理,20,1,,,,TRUE,,,100,20,100%の確率で相手を『まひ』状態にする。
ホネこんぼう,じめん,物理,65,1,,,,,,,,,
ホネブーメラン,じめん,物理,50,2,,,,,,,,,
ほのおのうず,ほのお,特殊,35,1,,,,,,,85,16,相手を『バインド』状態にして、4～5ターンの間、毎ターン終了後最大HPの1/8のダメージを与え、その間『ゴースト』タイプではない相手は逃げたり交代できない。
ほのおのキバ,ほのお,物理,65,1,,,,TRUE,,,95,16,10%の確率で相手を『やけど』状態にする。10%の確率で、相手をひるませる。
ほのおのちかい,ほのお,特殊,80,1,,,,,,,,,
ほのおのパンチ,ほのお,物理,75,1,,,,TRUE,,,100,16,10%の確率で相手を『やけど』状態にする。特性『てつのこぶし』の時、威力が1.2倍になる。
ほのおのまい,ほのお,特殊,80,1,,,,,,,100,12,50%の確率で自分の『とくこう』ランクが1段階上がる。
ほのおのムチ,ほのお,物理,90,1,,,,TRUE,,,100,16,100%の確率で相手の『ぼうぎょ』ランクを1段階下げる。
ボーンラッシュ,じめん,物理,30,2～5,,,,,,,90,12,1ターンに2～5回連続で攻撃する。
ぼうふう,ひこう,特殊,110,1,,,,,,,70,12,30%の確率で、相手を1～4ターンの間『こんらん』状態にする。天気が『あめ』の時は必ず命中し、『にほんばれ』の時は命中率が50%になる。相手が技『そらをとぶ』『とびはねる』『フリーフォール』を使っている時でも命中する。
ボディプレス,かくとう,物理,80,1,,,防御依存,TRUE,,,100,12,『こうげき』ではなく、自分の『ぼうぎょ』と『ぼうぎょ』ランクを『こうげき』の数値にしてダメージ計算する。
ボルテッカー,でんき,物理,120,1,,,,TRUE,,,100,16,相手に与えたダメージの33%を自分も受ける。10%の確率で相手を『まひ』状態にする。
ボルトチェンジ,でんき,特殊,70,1,,,,,,,100,20,攻撃後、手持ちのポケモンと入れ替わる。
ポイズンテール,どく,物理,50,1,,,,,,,,,
ポルターガイスト,ゴースト,物理,110,1,,,,,,,90,8,相手が道具を持っていない時は失敗する。なお、相手の道具を無効にする効果はない。
まきつく,ノーマル,物理,15,1,,,,TRUE,,,90,20,相手を『バインド』状態にして、4～5ターンの間、毎ターン終了後最大HPの1/8のダメージを与え、その間『ゴースト』タイプではない相手は逃げたり交代できない。
マグネットボム,はがね,物理,60,1,,,,,,,,,
マグマストーム,ほのお,特殊,100,1,,,,,,,,,
マジカルシャイン,フェアリー,特殊,80,1,,,,,,,100,12,通常攻撃。
マジカルフレイム,ほのお,特殊,75,1,,,,,,,100,12,100%の確率で相手の『とくこう』ランクを1段階下げる。
マジカルリーフ,くさ,特殊,60,1,,,,,,,,,
マッドショット,じめん,特殊,55,1,,,,,,,95,16,100%の確率で相手の『すばやさ』ランクを1段階下げる。
マッハパンチ,かくとう,物理,40,1,,,,TRUE,,,100,20,必ず先制できる(優先度:+1)。特性『てつのこぶし』の時、威力が1.2倍になる。
まとわりつく,むし,特殊,20,1,,,,TRUE,,,100,20,相手を『バインド』状態にして、4～5ターンの間、毎ターン終了後最大HPの1/8のダメージを与え、その間『ゴースト』タイプではない相手は逃げたり交代できない。
マルチアタック,ノーマル,物理,120,1,,,,,,,,,
まわしげり,かくとう,物理,60,1,,,,,,,,,
ミサイルばり,むし,物理,25,2～5,,,,,,,95,20,1ターンに2～5回連続で攻撃する。
ミストバースト,フェアリー,特殊,100,1,,,,,,,100,8,攻撃後、自分が『ひんし』状態になる。場の状態が『ミストフィールド』で、自分が『ひこう』タイプや特性『ふゆう』などではなく地面にいる時、威力が1.5倍になる。
ミストボール,エスパー,特殊,95,1,,,,,,,,,
みずあめボム,くさ,特殊,60,1,,,,,,,90,12,100%の確率で、相手を『あめまみれ』状態にする。3ターンの間、毎ターン終了時に相手の『すばやさ』ランクが1段階下がる。
みずしゅりけん,みず,特殊,15,2～5,,,,,,,100,20,必ず先制できる(優先度:+1)。1ターンに2～5回連続で攻撃する。
みずでっぽう,みず,特殊,40,1,,,,,,,,,
みずのちかい,みず,特殊,80,1,,,,,,,,,
みずのはどう,みず,特殊,60,1,,,,,,,100,20,20%の確率で相手を1～4ターンの間『こんらん』状態にする。
みだれづき,ノーマル,物理,15,2～5,,,,,,,,,
みだれひっかき,ノーマル,物理,18,2～5,,,,,,,,,
ミラーショット,はがね,特殊,65,1,,,,,,,,,
みらいよち,エスパー,特殊,120,1,,,,,,,100,12,2ターン後に攻撃する。交代した場合は同じ位置にいるポケモンに攻撃する。タイプ相性の影響を受ける。
みわくのボイス,フェアリー,特殊,80,1,,,,,,TRUE,100,12,100%の確率で、そのターンの間に能力ランクが上がった相手ポケモンを1～4ターンの間『こんらん』状態にする(通常は後攻で攻撃する必要があるが、場に出た時に能力ランクが上がった場合も対象となる)。音系の技。相手の『みがわり』状態を貫通する。
ムーンフォース,フェアリー,特殊,95,1,,,,,,,100,16,10%の確率で相手の『とくこう』ランクを1段階下げる。
ムゲンダイビーム,ドラゴン,特殊,160,1,,,,,,,,,
むしくい,むし,物理,60,1,,,,TRUE,,,100,20,相手が持っているバトルに効果のある『きのみ』を奪って、自分に使う。
むしのさざめき,むし,特殊,90,1,,,,,,TRUE,100,12,10%の確率で相手の『とくぼう』ランクを1段階下げる。音系の技。相手の『みがわり』状態を貫通する。
むしのていこう,むし,特殊,50,1,,,,,,,100,20,100%の確率で相手の『とくこう』ランクを1段階下げる。
むねんのつるぎ,ほのお,物理,90,1,,,,TRUE,TRUE,,100,12,相手に与えたダメージの半分だけ自分のHPが回復する。
メガトンキック,ノーマル,物理,120,1,,,,TRUE,,,75,8,通常攻撃。
メガトンパンチ,ノーマル,物理,80,1,,,,,,,,,
メガドレイン,くさ,特殊,40,1,,,,,,,,,
メガホーン,むし,物理,120,1,,,,TRUE,,,85,12,通常攻撃。
めざましビンタ,かくとう,物理,70,1,,,,,,,,,
めざめるダンス,ノーマル,特殊,90,1,,,,,,,,,
めざめるパワー,ノーマル,特殊,60,1,,,,,,,,,
メタルクロー,はがね,物理,50,1,,,,,,,,,
メテオドライブ,はがね,物理,100,1,,,,,,,,,
メテオビーム,いわ,特殊,120,1,,,,,,,90,12,1ターン目に100%の確率で自分の『とくこう』ランクを1段階上げ、2ターン目で攻撃する。
めらめらバーン,ほのお,物理,60,1,,,,,,,,,
もえあがるいかり,あく,特殊,90,1,,,,,,,,,
もえつきる,ほのお,特殊,130,1,,,,,,,100,8,攻撃後、自分は『ほのお』タイプではなくなる。自分が『ほのお』タイプではない時は失敗する。自分が『こおり』状態の時でも使う事ができ、使うと『こおり』状態が治る。
もろはのずつき,いわ,物理,150,1,,,,TRUE,,,80,8,相手に与えたダメージの1/2を自分も受ける。
やきつくす,ほのお,特殊,60,1,,,,,,,,,
やけっぱち,ほのお,物理,75,1,,,,TRUE,,,100,12,前のターンで自分が使った技が外れたり失敗したり、『まひ』『こんらん』『ひるみ』状態などで行動できなかった場合、威力が2倍になる。
やまあらし,かくとう,物理,60,1,TRUE,,,TRUE,,,100,12,必ず急所に当たる。
ゆめくい,エスパー,特殊,100,1,,,,,,,,,
ようかいえき,どく,特殊,40,1,,,,,,,,,
ようせいのかぜ,フェアリー,特殊,40,1,,,,,,,,,
らいげき,でんき,物理,130,1,,,,,,,,,
ライジングボルト,でんき,特殊,70,1,,,,,,,100,20,場の状態が『エレキフィールド』で、なおかつ相手が『ひこう』タイプや特性『ふゆう』などではなく地面にいる時、威力が2倍になる(自分も地面にいれば、フィールドの1.3倍の効果もさらに加わる)。
らいめいげり,かくとう,物理,90,1,,,,,,,,,
ラスターカノン,はがね,特殊,80,1,,,,,,,100,12,10%の確率で相手の『とくぼう』ランクを1段階下げる。
ラスターパージ,エスパー,特殊,95,1,,,,,,,,,
リーフストーム,くさ,特殊,130,1,,,,,,,90,8,攻撃後、100%の確率で自分の『とくこう』ランクが2段階下がる。
リーフブレード,くさ,物理,90,1,,,,TRUE,TRUE,,100,16,急所に当たりやすい(急所ランク:+1)。
りゅうせいぐん,ドラゴン,特殊,130,1,,,,,,,90,8,攻撃後、100%の確率で自分の『とくこう』ランクが2段階下がる。
りゅうのいぶき,ドラゴン,特殊,60,1,,,,,,,,,
りゅうのはどう,ドラゴン,特殊,85,1,,,,,,,100,12,通常攻撃。
りんごさん,くさ,特殊,90,1,,,,,,,100,12,100%の確率で相手の『とくぼう』ランクを1段階下げる。
りんしょう,ノーマル,特殊,60,1,,,,,,TRUE,100,16,同じターンに他のポケモンも『りんしょう』を使おうとすると、『すばやさ』に関係なく最初に使用したポケモンに続いて使用でき、最初以外の『りんしょう』は威力が2倍になる。音系の技。相手の『みがわり』状態を貫通する。(ダブルバトル用)
ルミナコリジョン,エスパー,特殊,80,1,,,,,,,100,12,100%の確率で相手の『とくぼう』ランクを2段階下げる。
レイジングブル,ノーマル,物理,90,1,,,,TRUE,,,100,12,『ケンタロス(パルデア)』が使う場合、自分のフォルムに合わせて『かくとう』『ほのお』『みず』タイプのいずれかに変化する。相手の技『リフレクター』『ひかりのかべ』『オーロラベール』を解除して攻撃する。
れいとうパンチ,こおり,物理,75,1,,,,TRUE,,,100,16,10%の確率で相手を『こおり』状態にする。特性『てつのこぶし』の時、威力が1.2倍になる。
れいとうビーム,こおり,特殊,90,1,,,,,,,100,12,10%の確率で相手を『こおり』状態にする。
れんごく,ほのお,特殊,100,1,,,,,,,50,8,100%の確率で相手を『やけど』状態にする。
れんぞくパンチ,ノーマル,物理,18,2～5,,,,,,,,,
ローキック,かくとう,物理,65,1,,,,TRUE,,,100,20,100%の確率で相手の『すばやさ』ランクを1段階下げる。
ロケットずつき,ノーマル,物理,130,1,,,,,,,,,
ロッククライム,ノーマル,物理,90,1,,,,,,,,,
ロックブラスト,いわ,物理,25,2～5,,,,,,,90,12,1ターンに2～5回連続で攻撃する。
ワイドフォース,エスパー,特殊,80,1,,,,,,,100,12,場の状態が『サイコフィールド』で、自分が『ひこう』タイプや特性『ふゆう』などではなく地面にいる時、威力が1.5倍になり(フィールドの1.3倍の効果もさらに加わる)、また相手全体を攻撃する(その時ダブルバトルではダメージは0.75倍)。
ワイドブレイカー,ドラゴン,物理,60,1,,,,TRUE,,,100,16,100%の確率で相手の『こうげき』ランクを1段階下げる。
ワイルドボルト,でんき,物理,90,1,,,,TRUE,,,100,16,相手に与えたダメージの1/4を自分も受ける。
わるあがき,ノーマル,物理,50,1,,,,,,,,,
ワンダースチーム,フェアリー,特殊,90,1,,,,,,,,,
つるぎのまい,ノーマル,変化,0,,,,自己強化,,,,-,20,自分の『こうげき』ランクを2段階上げる。
まもる,ノーマル,変化,0,,,,自己強化,,,,-,8,必ず先制でき(優先度:+4)、そのターンの間、相手の技を受けない。連続で使うと失敗しやすくなる。具体的には、最初は成功するが、使う度に成功率が1/3になっていく(失敗するとリセットされる)。ダイマックス技や第7世代のZワザの攻撃技は貫通し、1/4のダメージを受ける。
どくどく,どく,変化,0,,,,状態異常,,,,90,12,相手を『もうどく』状態にする。『もうどく』状態は通常の『どく』状態と違い、受けるダメージが1/16、2/16、3/16・・・と増えていく。『どく』タイプのポケモンが使うと必ず命中する。『どく』タイプや『はがね』タイプには無効。
じこさいせい,ノーマル,変化,0,,,,回復,,,,-,8,HPが最大HPの半分回復する。
アクアリング,みず,変化,0,,,,変化関連,,,,-,20,使用後、毎ターン、HPが最大HPの1/16ずつ回復する。
あくび,ノーマル,変化,0,,,,変化関連,,,,-,12,相手を『ねむけ』状態にして、次のターン終了時に相手を『ねむり』状態にする。ただし、そのポケモンが交代されると効果は消える。自分の命中率、相手の回避率に関係なく必ず命中する。
あくまのキッス,ノーマル,変化,0,,,,変化関連,,,,,,
あくむ,ゴースト,変化,0,,,,変化関連,,,,,,
あさのひざし,ノーマル,変化,0,,,,変化関連,,,,-,8,HPが、天気が通常の時は最大HPの1/2、『にほんばれ』の時は最大HPの2/3、『あめ』『ゆき』『すなあらし』の時は最大HPの1/4回復する。
アシストギア,はがね,変化,0,,,,変化関連,,,,,,
あまいかおり,ノーマル,変化,0,,,,変化関連,,,,100,20,相手の回避率を2段階下げる。
あまえる,フェアリー,変化,0,,,,変化関連,,,,100,20,相手の『こうげき』ランクを2段階下げる。
あまごい,みず,変化,0,,,,変化関連,,,,-,8,5ターンの間、天気を『あめ』にする。『みず』タイプの技のダメージが1.5倍になり、『ほのお』タイプの技のダメージが半減する。
あやしいひかり,ゴースト,変化,0,,,,変化関連,,,,100,12,相手を1～4ターンの間『こんらん』状態にする。
あられ,こおり,変化,0,,,,変化関連,,,,,,
アロマセラピー,くさ,変化,0,,,,変化関連,,,,,,
アロマミスト,フェアリー,変化,0,,,,変化関連,,,,-,20,味方1体の『とくぼう』を1段階上げる(ダブルバトル用)。この技は『ダイウォール』の効果も受けない。
アンコール,ノーマル,変化,0,,,,変化関連,,,,100,8,3ターンの間、相手は最後に使用した技しか使えなくなる。ただし、PPが0になると解除される。相手の技が『ものまね』『ゆびをふる』『オウムがえし』『へんしん』『わるあがき』『スケッチ』『ねごと』『アンコール』『しぜんのちから』『ねこのて』『さきどり』『まねっこ』『ダイマックスほう』『バーンアクセル』『ダークアクセル』『ポイズンアクセル』『ファイトアクセル』『マジカルアクセル』の場合は失敗する。ダイマックスしているポケモンには無効。なお、ダイマックス技や第7世代のZワザは影響を受けずに使うことができる。
いえき,どく,変化,0,,,,変化関連,,,,100,12,相手の特性を無効にする。ただし、『バトルスイッチ』『ばけのかわ』などフォルムに関わる特性や、一部の固有の特性などには効かない。
いかりのこな,むし,変化,0,,,,変化関連,,,,-,20,必ず先制できる(優先度:+2)。そのターンの相手の技をすべて自分が受ける。ただし、全体技には効果がない。『くさ』タイプや特性『ぼうじん』、道具『ぼうじんゴーグル』を持っているポケモンには無効。ダブルバトル用。
いたみわけ,ノーマル,変化,0,,,,変化関連,,,,-,20,自分と相手のHPを2匹の残りHPの平均値にする(足して2で割る)。ダイマックス時は、もとのHPで平均値を計算して、もとのHPと平均値との差分値を現在のダイマックス時のHPから増減する。
いちゃもん,あく,変化,0,,,,変化関連,,,,100,16,使用後、相手は同じ技を連続で出せなくなる。ダイマックスしている相手には無効。
いとをはく,むし,変化,0,,,,変化関連,,,,95,20,相手の『すばやさ』ランクを2段階下げる。
いのちのしずく,みず,変化,0,,,,変化関連,,,,-,12,自分と味方全体のHPをそれぞれ最大HPの1/4ずつ回復する。特性『ちょすい』『よびみず』の味方は特性が発動するため、この技の効果は無効。この技は『ダイウォール』の効果も受けない。
いばる,ノーマル,変化,0,,,,変化関連,,,,85,16,相手を1～4ターンの間『こんらん』状態にするが、相手の『こうげき』ランクを2段階上げてしまう。
いやしのすず,ノーマル,変化,0,,,,変化関連,,,TRUE,-,8,自分と味方全体のポケモンの状態異常を治す。音系の技。味方が『みがわり』状態でも効果が発生する。この技は『ダイウォール』の効果も受けない。
いやしのねがい,エスパー,変化,0,,,,変化関連,,,,-,12,自分が『ひんし』になる代わりに、次に出す自分のポケモンの状態異常とHPが全回復する。(『みかづきのまい』と異なりPPは回復しない)
いやしのはどう,エスパー,変化,0,,,,変化関連,,,,-,12,相手は最大HPの1/2回復する。(ダブルバトルで味方に使うと良い)
いやなおと,ノーマル,変化,0,,,,変化関連,,,TRUE,85,20,相手の『ぼうぎょ』ランクを2段階下げる。音系の技。相手の『みがわり』状態を貫通する。
うそなき,あく,変化,0,,,,変化関連,,,,100,20,相手の『とくぼう』ランクを2段階下げる。
うたう,ノーマル,変化,0,,,,変化関連,,,TRUE,55,16,相手を『ねむり』状態にする。音系の技。相手の『みがわり』状態を貫通する。
うつしえ,ノーマル,変化,0,,,,変化関連,,,,,,
うらみ,ゴースト,変化,0,,,,変化関連,,,,100,12,相手の最後に使った技のPPを4減らす。
エレキフィールド,でんき,変化,0,,,,変化関連,,,,-,12,5ターンの間、場の状態を『エレキフィールド』にする。『ひこう』タイプや特性『ふゆう』などではない地面にいるすべてのポケモンは、『ねむり』『ねむけ』(『あくび』)状態にならず、また『でんき』タイプの技の威力が1.3倍になる(第7世代までは1.5倍)。すでに『ねむり』状態の場合は回復しない。また、道具『エレキシード』を持ったポケモンは『ぼうぎょ』ランクが1段階上がる(この効果は、地面にいないポケモンでも発動する)。
えんまく,ノーマル,変化,0,,,,変化関連,,,,,,
オーロラベール,こおり,変化,0,,,,変化関連,,,,-,20,天気が『ゆき』状態の時のみ使用でき、5ターンの間、自分と味方が受ける相手の物理攻撃と特殊攻撃のダメージを半分にする。味方が複数の場合は半分ではなく2/3になる。急所に当たった場合は軽減されない。交代しても効果は続く。
おいかぜ,ひこう,変化,0,,,,変化関連,,,,-,16,4ターンの間、自分と味方の『すばやさ』が2倍になる。
おいわい,ノーマル,変化,0,,,,変化関連,,,,,,
オウムがえし,ひこう,変化,0,,,,変化関連,,,,,,
おかたづけ,ノーマル,変化,0,,,,変化関連,,,,-,12,お互いの『みがわり』状態、両方の場の『まきびし』『ステルスロック』『ねばねばネット』『どくびし』の効果を解除する。また、自分の『こうげき』と『すばやさ』ランクが1段階ずつ上がる。
おきみやげ,あく,変化,0,,,,変化関連,,,,100,12,自分が『ひんし』になる代わりに、相手の『こうげき』『とくこう』ランクを2段階ずつ下げる。
おさきにどうぞ,ノーマル,変化,0,,,,変化関連,,,,-,16,相手は『すばやさ』に関係なく、この技を受けた直後に行動できるようになる。ダブルバトル用。
おたけび,ノーマル,変化,0,,,,変化関連,,,TRUE,100,20,相手の『こうげき』『とくこう』ランクを1段階ずつ下げる。音系の技。相手の『みがわり』状態を貫通する。
おだてる,あく,変化,0,,,,変化関連,,,,100,16,相手を1～4ターンの間『こんらん』状態にするが、相手の『とくこう』ランクを1段階上げてしまう。
おちゃかい,ノーマル,変化,0,,,,変化関連,,,,-,12,場にいるすべてのポケモンが、それぞれが持っている『きのみ』を即座に使って効果を発動させる。
おにび,ほのお,変化,0,,,,変化関連,,,,85,16,相手を『やけど』状態にする。『ほのお』タイプには無効。
おまじない,ノーマル,変化,0,,,,変化関連,,,,,,
おんねん,ゴースト,変化,0,,,,変化関連,,,,,,
かいでんぱ,でんき,変化,0,,,,変化関連,,,,100,16,相手の『とくこう』ランクを2段階下げる。
かいふくしれい,むし,変化,0,,,,変化関連,,,,,,
かいふくふうじ,エスパー,変化,0,,,,変化関連,,,,,,
かえんのまもり,ほのお,変化,0,,,,変化関連,,,,,,
かぎわける,ノーマル,変化,0,,,,変化関連,,,,,,
かくばる,ノーマル,変化,0,,,,変化関連,,,,,,
かげぶんしん,ノーマル,変化,0,,,,変化関連,,,,-,16,自分の回避率を1段階上げる。
かたくなる,ノーマル,変化,0,,,,変化関連,,,,,,
かなしばり,ノーマル,変化,0,,,,変化関連,,,,100,20,相手が最後に使った技を4ターンの間使えなくする。
からにこもる,みず,変化,0,,,,変化関連,,,,,,
からをやぶる,ノーマル,変化,0,,,,変化関連,,,,-,16,自分の『ぼうぎょ』『とくぼう』ランクが1段階ずつ下がり、『こうげき』『とくこう』『すばやさ』ランクが2段階ずつ上がる。
ガードシェア,エスパー,変化,0,,,,変化関連,,,,-,12,自分と相手の『ぼうぎょ』と『とくぼう』の数値をそれぞれ足して、互いに半分ずつに分ける。
ガードスワップ,エスパー,変化,0,,,,変化関連,,,,-,12,自分と相手の『ぼうぎょ』『とくぼう』ランクを入れ替える。
きあいだめ,ノーマル,変化,0,,,,変化関連,,,,-,20,『きゅうしょアップ』状態(急所ランク2段階)となり、今後自分の技が急所に当たりやすくなる。(すでに『きゅうしょアップ』状態の時は失敗する)
キノコのほうし,くさ,変化,0,,,,変化関連,,,,,,
きりばらい,ひこう,変化,0,,,,変化関連,,,,-,16,相手の回避率を1段階下げる。相手の場の『しろいきり』『ひかりのかべ』『リフレクター』『しんぴのまもり』『オーロラベール』、両方の場の『まきびし』『どくびし』『ステルスロック』『ねばねばネット』、さらに第8世代からは『エレキフィールド』『グラスフィールド』『サイコフィールド』『ミストフィールド』の効果を解除する。相手が『みがわり』状態の場合、回避率を下げる効果のみ失敗する。
キングシールド,はがね,変化,0,,,,変化関連,,,,-,8,必ず先制でき(優先度:+4)、そのターンの間、相手の攻撃技を受けない。また、接触技(直接攻撃)で攻撃してきた相手の『こうげき』ランクを1段階下げる(第7世代までは2段階)。連続で使うと失敗しやすくなる。具体的には、最初は成功するが、使う度に成功率が1/3になっていく(失敗するとリセットされる)。ダイマックス技や第7世代のZワザの攻撃技は貫通し、1/4のダメージを受ける。
きんぞくおん,はがね,変化,0,,,,変化関連,,,TRUE,85,20,音系の技。相手の『とくぼう』ランクを2段階下げる。
ギアチェンジ,はがね,変化,0,,,,変化関連,,,,,,
ギフトパス,ノーマル,変化,0,,,,変化関連,,,,,,
くさぶえ,くさ,変化,0,,,,変化関連,,,,,,
くすぐる,ノーマル,変化,0,,,,変化関連,,,,100,20,相手の『こうげき』『ぼうぎょ』ランクを1段階ずつ下げる。
クモのす,むし,変化,0,,,,変化関連,,,,,,
くろいきり,こおり,変化,0,,,,変化関連,,,,-,20,すべてのポケモンの能力ランクの変化を元に戻す。
くろいまなざし,ノーマル,変化,0,,,,変化関連,,,,-,8,『ゴースト』タイプではない相手は逃げたり、交代できなくなる。自分が場を離れると効果は消える。
グラスフィールド,くさ,変化,0,,,,変化関連,,,,-,12,5ターンの間、場の状態を『グラスフィールド』にする。『ひこう』タイプや特性『ふゆう』などではない地面にいるすべてのポケモンは、毎ターン最大HPの1/16ずつ回復し、また『くさ』タイプの技の威力が1.3倍になり(第7世代までは1.5倍)、技『じしん』『じならし』『マグニチュード』の威力が半減する。また、道具『グラスシード』を持ったポケモンは『ぼうぎょ』ランクが1段階上がる(この効果は、地面にいないポケモンでも発動する)。
コーチング,かくとう,変化,0,,,,変化関連,,,,-,12,自分を除く味方全体の『こうげき』『ぼうぎょ』ランクが1段階ずつ上がる(ダブルバトル用)。この技は『ダイウォール』の効果も受けない。
コートチェンジ,ノーマル,変化,0,,,,変化関連,,,,,,
こうごうせい,くさ,変化,0,,,,変化関連,,,,-,8,HPが、天気が通常の時は最大HPの1/2、『にほんばれ』の時は最大HPの2/3、『あめ』『ゆき』『すなあらし』の時は最大HPの1/4回復する。
こうそくいどう,エスパー,変化,0,,,,変化関連,,,,-,20,自分の『すばやさ』ランクが2段階上がる。
こころのめ,ノーマル,変化,0,,,,変化関連,,,,,,
コスモパワー,エスパー,変化,0,,,,変化関連,,,,-,20,自分の『ぼうぎょ』『とくぼう』ランクが1段階ずつ上がる。
コットンガード,くさ,変化,0,,,,変化関連,,,,-,12,自分の『ぼうぎょ』ランクが3段階上がる。
このゆびとまれ,ノーマル,変化,0,,,,変化関連,,,,-,20,必ず先制できる(優先度:+2)。そのターンの相手の技をすべて自分が受ける。ただし、全体技には効果がない。ダブルバトル用。
こらえる,ノーマル,変化,0,,,,変化関連,,,,-,12,必ず先制できる(優先度:+4)。そのターンに『ひんし』状態になる攻撃を受けてもHPが1残る。連続で使うと失敗しやすくなる。具体的には、最初は成功するが、使う度に成功率が1/3になっていく(失敗するとリセットされる)。
こわいかお,ノーマル,変化,0,,,,変化関連,,,,100,12,相手の『すばやさ』ランクを2段階下げる。
さいきのいのり,ノーマル,変化,0,,,,変化関連,,,,,,
サイコシフト,エスパー,変化,0,,,,変化関連,,,,,,
サイコフィールド,エスパー,変化,0,,,,変化関連,,,,-,12,5ターンの間、場の状態を『サイコフィールド』にする。『ひこう』タイプや特性『ふゆう』などではない地面にいるすべてのポケモンは、相手(味方は含まない)の先制技を受けなくなり、また『エスパー』タイプの技の威力が1.3倍になる(第7世代までは1.5倍)。また、道具『サイコシード』を持ったポケモンは『とくぼう』ランクが1段階上がる(この効果は、地面にいないポケモンでも発動する)。
サイドチェンジ,エスパー,変化,0,,,,変化関連,,,,-,16,必ず先制できる(優先度:+2)。自分と味方1体の位置を交代する。ダブルバトル用。第9世代からは、連続で使うと失敗しやすくなる。具体的には、最初は成功するが、使う度に成功率が1/3になっていく(失敗するとリセットされる)。
さいはい,エスパー,変化,0,,,,変化関連,,,,-,16,相手が最後に使用した技をその場でもう一度使わせる。『はかいこうせん』など反動のある技や、ターン技、ダイマックス技、『ダイマックスほう』など一部の技は失敗する。
さいみんじゅつ,エスパー,変化,0,,,,変化関連,,,,60,20,相手を『ねむり』状態にする。
さきおくり,あく,変化,0,,,,変化関連,,,,100,16,相手は『すばやさ』に関係なく、行動が最後になる。ダブルバトル用。
さきどり,ノーマル,変化,0,,,,変化関連,,,,,,
さしおさえ,あく,変化,0,,,,変化関連,,,,,,
さむいギャグ,こおり,変化,0,,,,変化関連,,,,-,12,手持ちのポケモンと入れ替わる。また、5ターンの間、天気を『ゆき』にする(『こおり』タイプのポケモンは、『ぼうぎょ』が1.5倍になる)。
しぜんのちから,ノーマル,変化,0,,,,変化関連,,,,,,
しっぽきり,ノーマル,変化,0,,,,変化関連,,,,-,12,自分のHPを最大HPの半分だけ減らして『みがわり』状態となり、『みがわり』状態のまま手持ちのポケモンに入れ替わる。『みがわり』のHPは最大HPの1/4になる。
しっぽをふる,ノーマル,変化,0,,,,変化関連,,,,,,
しびれごな,くさ,変化,0,,,,変化関連,,,,75,20,相手を『まひ』状態にする。『でんき』タイプや『くさ』タイプ、特性『ぼうじん』、『ぼうじんゴーグル』を持っているのポケモンには無効。
しょうりのまい,かくとう,変化,0,,,,変化関連,,,,,,
しろいきり,こおり,変化,0,,,,変化関連,,,,,,
しんぴのまもり,ノーマル,変化,0,,,,変化関連,,,,-,20,5ターンの間、味方の場を『しんぴのまもり』状態にして、自分と味方のポケモンは状態異常と『こんらん』状態にならなくなる。交代しても効果は続く。
シンプルビーム,ノーマル,変化,0,,,,変化関連,,,,100,16,相手の特性が『たんじゅん』になる。(ダブルバトルで味方に使うと良い)
ジオコントロール,フェアリー,変化,0,,,,変化関連,,,,,,
じこあんじ,ノーマル,変化,0,,,,変化関連,,,,-,12,相手の能力ランクの変化を、すべて自分にコピーする。
じばそうさ,でんき,変化,0,,,,変化関連,,,,-,20,自分と味方全体の特性が『プラス』『マイナス』のポケモンの『ぼうぎょ』『とくぼう』ランクが1段階ずつ上がる。なお、『ダイウォール』は貫通しない。
ジャングルヒール,くさ,変化,0,,,,変化関連,,,,,,
じゅうでん,でんき,変化,0,,,,変化関連,,,,-,20,でんき威力アップ状態になり、一度だけ次回使う自分の『でんき』タイプの技の威力が2倍になる(第8世代までは次のターンまでだけ)。また、自分の『とくぼう』ランクが1段階上がる。
じゅうりょく,エスパー,変化,0,,,,変化関連,,,,-,8,5ターンの間、すべてのポケモンの命中率が5/3倍(約1.67倍、1.6倍の説もあり)になる。また、特性『ふゆう』や、『ひこう』タイプのポケモンに『じめん』タイプの技が当たるようになる。技『そらをとぶ』『はねる』『とびげり』『とびひざげり』『とびはねる』『でんじふゆう』『フライングプレス』『フリーフォール』が使えなくなり、使用している場合は解除される。『テレキネシス』を受けなくなり、受けている場合は解除される。技『Gのちから』の威力が1.5倍になる。
じょうか,どく,変化,0,,,,変化関連,,,,,,
スキルスワップ,エスパー,変化,0,,,,変化関連,,,,-,12,自分と相手の特性を入れ替える。ただし、『ふしぎなまもり』など一部の固有な特性は入れ替えられない。ダイマックスしている相手には無効。
スケッチ,ノーマル,変化,0,,,,変化関連,,,,,,
すてゼリフ,あく,変化,0,,,,変化関連,,,TRUE,100,20,相手の『こうげき』『とくこう』ランクを1段階下げたあと、手持ちのポケモンと入れ替わる。音系の技。相手の『みがわり』状態を貫通する。
ステルスロック,いわ,変化,0,,,,変化関連,,,,-,20,使用後、相手はポケモンを交代する度に、出てきたポケモンは最大HPの1/8のダメージを受ける。『タイプ』相性の影響を受け、例えば4倍弱点の場合は最大HPの1/2のダメージとなる。
すなあつめ,じめん,変化,0,,,,変化関連,,,,,,
すなあらし,いわ,変化,0,,,,変化関連,,,,-,8,5ターンの間、天気を『すなあらし』にする。『いわ』『じめん』『はがね』タイプではないポケモンは、毎ターン最大HPの1/16のダメージを受ける。また、『いわ』タイプのポケモンは『とくぼう』が1.5倍になる。
すなかけ,じめん,変化,0,,,,変化関連,,,,,,
スピードスワップ,エスパー,変化,0,,,,変化関連,,,,-,12,自分と相手の『すばやさ』を入れ替える。
スプーンまげ,エスパー,変化,0,,,,変化関連,,,,,,
スポットライト,ノーマル,変化,0,,,,変化関連,,,,,,
すりかえ,あく,変化,0,,,,変化関連,,,,100,12,相手と自分が持っている道具を入れ替える。片方しか道具を持っていない場合も成功する。
スレッドトラップ,むし,変化,0,,,,変化関連,,,,,,
せいちょう,ノーマル,変化,0,,,,変化関連,,,,-,20,自分の『こうげき』『とくこう』ランクが1段階ずつ上がる。天気が『にほんばれ』の時は、2段階ずつ上がる。
そうでん,でんき,変化,0,,,,変化関連,,,,-,20,相手が技を出す前に使用すると、そのターン相手の攻撃は『でんき』タイプになる。
ソウルビート,ドラゴン,変化,0,,,,変化関連,,,TRUE,-,8,自分のHPを最大HPの1/3だけ減らし、自分のすべての『のうりょく』ランクを1段階ずつ上げる。音系の技。
タールショット,いわ,変化,0,,,,変化関連,,,,,,
たがやす,じめん,変化,0,,,,変化関連,,,,,,
たくわえる,ノーマル,変化,0,,,,変化関連,,,,-,20,自分の『ぼうぎょ』『とくぼう』ランクを1段階ずつ上げる。技『のみこむ』『はきだす』の効果を上げる。3回までたくわえることができる。
たこがため,かくとう,変化,0,,,,変化関連,,,,,,
たたみがえし,かくとう,変化,0,,,,変化関連,,,,,,
たてこもる,はがね,変化,0,,,,変化関連,,,,-,12,自分の『ぼうぎょ』ランクを2段階上げる。
タマゴうみ,ノーマル,変化,0,,,,変化関連,,,,,,
ダークホール,あく,変化,0,,,,変化関連,,,,,,
ダイウォール,ノーマル,変化,0,,,,変化関連,,,,,,
ちいさくなる,ノーマル,変化,0,,,,変化関連,,,,-,12,自分の回避率を2段階上げる。ただし、技『サンダーダイブ』『のしかかり』『ふみつけ』『ドラゴンダイブ』『ハードローラー』『ハイパーダーククラッシャー』『フライングプレス』『ヒートスタンプ』『ヘビーボンバー』は必ず命中し威力2倍で受けるようになってしまう(ヒートスタンプは第6世代以降、ヘビーボンバーは第7世代以降。なお、ゴーストダイブは第6世代のみ)。
ちからをすいとる,くさ,変化,0,,,,変化関連,,,,100,12,相手の『こうげき』の能力値と同じ値だけ自分のHPを回復し、相手の『こうげき』ランクを1段階下げる。特性などでランクが下がらない場合は、回復の効果のみ発動する。すでにランクが最低の場合は失敗する。
ちょうおんぱ,ノーマル,変化,0,,,,変化関連,,,,,,
ちょうのまい,むし,変化,0,,,,変化関連,,,,-,20,自分の『とくこう』『とくぼう』『すばやさ』ランクが1段階ずつ上がる。
ちょうはつ,あく,変化,0,,,,変化関連,,,,100,20,3ターンの間、相手は攻撃技しか出せなくなる。(変化技を使えなくする)
つきのひかり,フェアリー,変化,0,,,,変化関連,,,,-,8,HPが、天気が通常の時は最大HPの1/2、『にほんばれ』の時は最大HPの2/3、『あめ』『ゆき』『すなあらし』の時は最大HPの1/4回復する。
つぶらなひとみ,フェアリー,変化,0,,,,変化関連,,,,100,20,必ず先制できる(優先度:+1)。相手の『こうげき』ランクを1段階下げる。
つぼをつく,ノーマル,変化,0,,,,変化関連,,,,-,20,ランダムで『こうげき』『ぼうぎょ』『とくこう』『とくぼう』『すばやさ』『回避率』『命中率』ランクのどれか1つが2段階上がる。この技は『ダイウォール』の効果も受けない。
つめとぎ,あく,変化,0,,,,変化関連,,,,,,
テクスチャー,ノーマル,変化,0,,,,変化関連,,,,,,
テクスチャー2,ノーマル,変化,0,,,,変化関連,,,,,,
てだすけ,ノーマル,変化,0,,,,変化関連,,,,-,20,必ず先制できる(優先度:+5)。使用したターンの間、味方の技の威力を1.5倍にする。
てっぺき,はがね,変化,0,,,,変化関連,,,,-,16,自分の『ぼうぎょ』ランクを2段階上げる。
テレキネシス,エスパー,変化,0,,,,変化関連,,,,,,
テレポート,エスパー,変化,0,,,,変化関連,,,,,,
てをつなぐ,ノーマル,変化,0,,,,変化関連,,,,,,
てんしのキッス,フェアリー,変化,0,,,,変化関連,,,,75,12,相手を1～4ターンの間『こんらん』状態にする。
デコレーション,フェアリー,変化,0,,,,変化関連,,,,-,16,相手の『こうげき』『とくこう』ランクを2段階ずつ上げる(主にダブルバトルで味方に使うと良い)。この技は『ダイウォール』の効果も受けない。
でんじは,でんき,変化,0,,,,変化関連,,,,90,20,相手を『まひ』状態にする。『じめん』タイプや『でんき』タイプには無効。
でんじふゆう,でんき,変化,0,,,,変化関連,,,,-,12,5ターンの間、『ふゆう』と同じ『でんじふゆう』状態となり、『じめん』タイプの技や、『まきびし』『どくびし』『ねばねばネット』、『グラスフィールド』『ミストフィールド』『エレキフィールド』『サイコフィールド』などの効果を受けなくなる。
トーチカ,どく,変化,0,,,,変化関連,,,,-,8,必ず先制でき(優先度:+4)、そのターンの間、相手の攻撃を防ぐと同時に、接触技(直接攻撃)で攻撃した相手を『どく』状態にする。連続で使うと失敗しやすくなる。具体的には、最初は成功するが、使う度に成功率が1/3になっていく(失敗するとリセットされる)。ダイマックス技や第7世代のZワザの攻撃技は貫通し、1/4のダメージを受ける。
とおせんぼう,ノーマル,変化,0,,,,変化関連,,,,-,8,『ゴースト』タイプではない相手は逃げたり、交代できなくなる。自分が場を離れると効果は消える。
とおぼえ,ノーマル,変化,0,,,,変化関連,,,TRUE,-,20,自分と味方全体の『こうげき』ランクを1段階ずつ上げる(第7世代までは、対象は自分のみ)。第8世代からは、音系の技。この技は『ダイウォール』の効果も受けない。
とぎすます,ノーマル,変化,0,,,,変化関連,,,,,,
とぐろをまく,どく,変化,0,,,,変化関連,,,,-,20,自分の『こうげき』『ぼうぎょ』『命中率』ランクが1段階ずつ上がる。
とける,どく,変化,0,,,,変化関連,,,,-,20,自分の『ぼうぎょ』ランクを2段階上げる。
トリック,エスパー,変化,0,,,,変化関連,,,,100,12,相手と自分が持っている道具を入れ替える。片方しか道具を持っていない場合も成功する。
トリックガード,フェアリー,変化,0,,,,変化関連,,,,,,
トリックルーム,エスパー,変化,0,,,,変化関連,,,,-,8,5ターンの間、『すばやさ』が低いポケモンから攻撃できるようになる。ただし、必ず先制できる技には無効。もう1度使用すると元に戻る。必ず後攻になる(優先度:-7)。
どくガス,どく,変化,0,,,,変化関連,,,,,,
どくのいと,どく,変化,0,,,,変化関連,,,,100,20,相手を『どく』状態にし、さらに『すばやさ』ランクを2段階下げる。(ポケモンSVまでは1段階だった)
どくのこな,どく,変化,0,,,,変化関連,,,,75,20,相手を『どく』状態にする。『どく』タイプや『はがね』タイプ、『くさ』タイプ、特性『ぼうじん』、道具『ぼうじんゴーグル』を持っているポケモンには無効。
どくびし,どく,変化,0,,,,変化関連,,,,-,20,相手の場を『どくびし』状態にし、相手はポケモンを交代する度に、出したポケモンが『どく』状態になる。2回使うと『もうどく』状態になる。『どく』『はがね』『ひこう』タイプ、特性『ふゆう』のポケモンは効果を受けない。『どく』タイプのポケモンが出ると効果がなくなる。
ドラゴンエール,ドラゴン,変化,0,,,,変化関連,,,TRUE,-,16,自分を除く味方全体を『きゅうしょアップ』状態(急所ランク1段階)にして、今後使う技が急所に当たりやすくなる(すでに『きゅうしょアップ』状態の時は失敗する)。対象の味方が『ドラゴン』タイプの場合は、2段階上がる。音系の技。
どろあそび,じめん,変化,0,,,,変化関連,,,,,,
ドわすれ,エスパー,変化,0,,,,変化関連,,,,-,20,自分の『とくぼう』ランクを2段階上げる。
ないしょばなし,ノーマル,変化,0,,,,変化関連,,,,,,
ナインエボルブースト,ノーマル,変化,0,,,,変化関連,,,,,,
なかまづくり,ノーマル,変化,0,,,,変化関連,,,,100,16,相手の特性を自分と同じ特性にする。ダイマックスしている相手には無効。
なかよくする,ノーマル,変化,0,,,,変化関連,,,,,,
なきごえ,ノーマル,変化,0,,,,変化関連,,,,,,
なまける,ノーマル,変化,0,,,,変化関連,,,,-,8,HPが最大HPの半分回復する。
なみだめ,ノーマル,変化,0,,,,変化関連,,,,-,20,相手の『こうげき』『とくこう』ランクを1段階ずつ下げる。自分の命中率、相手の回避率に関係なく必ず命中する。相手の『まもる』『みきり』『トーチカ』『ニードルガード』『ブロッキング』『スレッドトラップ』『かえんのまもり』の効果を受けない(『ダイウォール』を除く)。
なやみのタネ,くさ,変化,0,,,,変化関連,,,,100,12,相手の特性を『ふみん』にする。ただし、『なまけ』『バトルスイッチ』など一部の固有な特性の場合は失敗する。
なりきり,エスパー,変化,0,,,,変化関連,,,,-,12,自分の特性を相手の特性と同じにする。ただし、『ふしぎなまもり』など一部の固有な特性はコピーできない。
ニードルガード,くさ,変化,0,,,,変化関連,,,,-,8,必ず先制でき(優先度:+4)、そのターンの間、相手の攻撃を防ぐと同時に、接触技(直接攻撃)で攻撃した相手に相手の最大HPの1/8のダメージを与える。連続で使うと失敗しやすくなる。具体的には、最初は成功するが、使う度に成功率が1/3になっていく(失敗するとリセットされる)。ダイマックス技や第7世代のZワザの攻撃技は貫通し、1/4のダメージを受ける。
にほんばれ,ほのお,変化,0,,,,変化関連,,,,-,8,5ターンの間、天気を『にほんばれ』にする。『ほのお』タイプの技のダメージが1.5倍になり、『みず』タイプの技のダメージが半減する。『こおり』状態にならない。
にらみつける,ノーマル,変化,0,,,,変化関連,,,,,,
ねがいごと,ノーマル,変化,0,,,,変化関連,,,,-,12,次のターンの終了時にHPが最大HPの半分回復する。交代した場合は同じ位置にいるポケモンが回復する。
ねこのて,ノーマル,変化,0,,,,変化関連,,,,,,
ねごと,ノーマル,変化,0,,,,変化関連,,,,-,12,自分が『ねむり』状態の時のみ使用可能。自分の持っている技のうち1つをランダムで使う。PPが減少するのはこの技のみ。
ねばねばネット,むし,変化,0,,,,変化関連,,,,-,20,使用後、相手はポケモンを交代する度に、出てきたポケモンの『すばやさ』ランクが1段階下がる。『ひこう』タイプや特性『ふゆう』のポケモンは影響を受けない。
ねむりごな,くさ,変化,0,,,,変化関連,,,,75,16,相手を『ねむり』状態にする。『くさ』タイプや特性『ぼうじん』、道具『ぼうじんゴーグル』を持っているポケモンには無効。
ねむる,エスパー,変化,0,,,,変化関連,,,,-,8,HPと状態異常をすべて回復した後、2ターンの間『ねむり』状態になり、3ターン目で目を覚ます。
ねをはる,くさ,変化,0,,,,変化関連,,,,-,20,使用後、毎ターン、HPが最大HPの1/16ずつ回復するが、交代できなくなる。自分が『ひこう』タイプや、特性『ふゆう』のポケモンの場合は『じめん』タイプの技が当たるようになる。
のみこむ,ノーマル,変化,0,,,,変化関連,,,,-,12,技『たくわえる』を使った数だけHPが多く回復する。1つの時は最大HPの1/4、2つの時は最大HPの1/2、3つの時は全回復する。技『たくわえる』で上がった『ぼうぎょ』『とくぼう』ランクは元に戻る。技『たくわえる』を使っていない時は失敗する。
のろい,ゴースト,変化,0,,,,変化関連,,,,-,12,自分のタイプが『ゴースト』タイプの時は自分のHPを最大HPの半分だけ減らして、相手を『のろい』状態にする。『のろい』状態になると毎ターン、HPが最大HPの1/4ずつ減る。それ以外のポケモンの場合『すばやさ』ランクが1段階下がり、『こうげき』『ぼうぎょ』ランクが1段階ずつ上がる。
ハートスワップ,エスパー,変化,0,,,,変化関連,,,,,,
はいすいのじん,かくとう,変化,0,,,,変化関連,,,,,,
ハッピータイム,ノーマル,変化,0,,,,変化関連,,,,,,
はねやすめ,ひこう,変化,0,,,,変化関連,,,,-,8,HPが最大HPの半分回復するが、そのターンは『ひこう』タイプではなくなる。
はねる,ノーマル,変化,0,,,,変化関連,,,,,,
ハバネロエキス,くさ,変化,0,,,,変化関連,,,,-,16,相手の『こうげき』ランクを2段階上げ、『ぼうぎょ』ランクを2段階下げる。
はらだいこ,ノーマル,変化,0,,,,変化関連,,,,-,12,自分のHPを最大HPの半分だけ減らす代わりに、自分の『こうげき』ランクを最大まで上げる。
ハロウィン,ゴースト,変化,0,,,,変化関連,,,,100,20,相手の『タイプ』に『ゴースト』タイプを追加する。
バトンタッチ,ノーマル,変化,0,,,,変化関連,,,,-,20,他の味方のポケモンと交代し、かかっていた補助効果を引き継ぐ。
バリアー,エスパー,変化,0,,,,変化関連,,,,,,
パワーシェア,エスパー,変化,0,,,,変化関連,,,,-,12,自分と相手の『こうげき』と『とくこう』の数値をそれぞれ足して、互いに半分ずつに分ける。
パワーシフト,ノーマル,変化,0,,,,変化関連,,,,,,
パワースワップ,エスパー,変化,0,,,,変化関連,,,,-,12,自分と相手の『こうげき』『とくこう』ランクを入れ替える。
パワートリック,エスパー,変化,0,,,,変化関連,,,,-,12,自分の『こうげき』と『ぼうぎょ』を入れ替える。『ランク』は変化しない。
ひかりのかべ,エスパー,変化,0,,,,変化関連,,,,-,20,5ターンの間、相手の特殊攻撃のダメージを半分にする。味方が複数の場合は半分ではなく2/3になる。急所に当たった場合は軽減されない。交代しても効果は続く。
ひっくりかえす,あく,変化,0,,,,変化関連,,,,,,
ビルドアップ,かくとう,変化,0,,,,変化関連,,,,-,20,自分の『こうげき』『ぼうぎょ』ランクを1段階ずつ上げる。
ファストガード,かくとう,変化,0,,,,変化関連,,,,-,16,必ず先制でき(優先度:+3)、そのターンの間、自分と味方は相手の先制攻撃の技を受けない。特性の効果による先制攻撃も受けない。
ふういん,エスパー,変化,0,,,,変化関連,,,,-,12,自分が『ふういん』状態になり、自分が場を離れるまで、自分が覚えている技と同じ技を相手のポケモンは使えなくなる。
フェアリーロック,フェアリー,変化,0,,,,変化関連,,,,-,12,次のターン終了まで、すべての『ゴースト』タイプではないポケモンは逃げたり交代できなくなる。
フェザーダンス,ひこう,変化,0,,,,変化関連,,,,100,16,相手の『こうげき』ランクを2段階下げる。
ふきとばし,ノーマル,変化,0,,,,変化関連,,,,-,20,必ず後攻になる(優先度:-6)。相手のポケモンを強制的に交代させる。野生のポケモンの場合は戦闘を終了する。自分の命中率、相手の回避率に関係なく必ず命中する。相手の『まもる』『みきり』『トーチカ』『ニードルガード』『ブロッキング』『スレッドトラップ』『かえんのまもり』の効果を受けない。相手の『みがわり』状態を貫通する。ダイマックスしている相手には無効。野生のポケモンの場合、相手が自分のレベルより高い場合は失敗する。
ふしょくガス,どく,変化,0,,,,変化関連,,,,100,20,道具を持っているポケモンは、道具を持っていない状態になる。
フラッシュ,ノーマル,変化,0,,,,変化関連,,,,,,
フラフラダンス,ノーマル,変化,0,,,,変化関連,,,,100,20,相手を1～4ターンの間『こんらん』状態にする。
フラワーガード,フェアリー,変化,0,,,,変化関連,,,,,,
フラワーヒール,フェアリー,変化,0,,,,変化関連,,,,,,
ふるいたてる,ノーマル,変化,0,,,,変化関連,,,,,,
ふんじん,むし,変化,0,,,,変化関連,,,,,,
ブレイブチャージ,エスパー,変化,0,,,,変化関連,,,,,,
ブロッキング,あく,変化,0,,,,変化関連,,,,,,
プラズマシャワー,でんき,変化,0,,,,変化関連,,,,,,
へびにらみ,ノーマル,変化,0,,,,変化関連,,,,100,20,相手を『まひ』状態にする。『でんき』タイプには無効。
へんしん,ノーマル,変化,0,,,,変化関連,,,,-,12,一時的に、相手と同じナンバー・グラフィックス・能力値・個体値・ランク・特性・技になる。ただしHP・持ち物・状態異常などはコピーされずそのままとなり、技のPPはすべて5になる。交代すると元に戻る。ダイマックスしている相手をコピーすると、元のポケモンの姿になる。
ベノムトラップ,どく,変化,0,,,,変化関連,,,,,,
ほえる,ノーマル,変化,0,,,,変化関連,,,TRUE,-,20,必ず後攻になる(優先度:-6)。相手のポケモンを強制的に交代させる。野生のポケモンの場合は戦闘を終了する。自分の命中率、相手の回避率に関係なく必ず命中する。相手の『まもる』『みきり』『トーチカ』『ニードルガード』『ブロッキング』『スレッドトラップ』『かえんのまもり』の効果を受けない。音系の技。相手の『みがわり』状態を貫通する。ダイマックスしている相手には無効。野生のポケモンの場合、相手が自分のレベルより高い場合は失敗する。
ほおばる,ノーマル,変化,0,,,,変化関連,,,,-,12,自分が持っている『きのみ』を即座に使って効果を発動させ、さらに自分の『ぼうぎょ』ランクを2段階上げる。
ほごしょく,ノーマル,変化,0,,,,変化関連,,,,,,
ほたるび,むし,変化,0,,,,変化関連,,,,,,
ほろびのうた,ノーマル,変化,0,,,,変化関連,,,TRUE,-,8,3ターン終了後に、この技を使った時に出ていた自分を含むすべてのポケモンは『ひんし』状態になる。それまでに交代したポケモンは効果が消える。音系の技。相手の『みがわり』状態を貫通する。
ぼうぎょしれい,むし,変化,0,,,,変化関連,,,,,,
ボディパージ,はがね,変化,0,,,,変化関連,,,,,,
まきびし,じめん,変化,0,,,,変化関連,,,,-,20,使用後、相手はポケモンを交代する度にダメージを受ける。3回まで使うことができ、1回の時は相手の最大HPの1/8、2回の時は相手の最大HPの1/6、3回の時は相手の最大HPの1/4のダメージを与える。『ひこう』タイプ、特性『ふゆう』のポケモンはダメージを受けない。
マジックコート,エスパー,変化,0,,,,変化関連,,,,,,
マジックルーム,エスパー,変化,0,,,,変化関連,,,,-,12,5ターンの間、すべてのポケモンの道具の効果がなくなる。
まねっこ,ノーマル,変化,0,,,,変化関連,,,,-,20,最後に使われた技で相手に攻撃する。自分の技も対象となる。最後の技がダイマックス技の場合、元となった技が使われる。
まほうのこな,エスパー,変化,0,,,,変化関連,,,,100,20,相手を『エスパー』タイプにする。『くさ』タイプや特性『ぼうじん』、道具『ぼうじんゴーグル』を持っているポケモンには無効。
まるくなる,ノーマル,変化,0,,,,変化関連,,,,,,
みかづきのいのり,エスパー,変化,0,,,,変化関連,,,,,,
みかづきのまい,エスパー,変化,0,,,,変化関連,,,,,,
みがわり,ノーマル,変化,0,,,,変化関連,,,,-,12,自分のHPを最大HPの1/4だけ減らして、減らしたHPと同じHPの自分の分身を作り、分身のHPが0になるまですべての攻撃を自分の代わりに分身が受ける。分身は状態異常にならない。ただし、音系の技などはそのまま受ける。相手のダイマックス技も防げるが、自分がダイマックスすると分身が消える。
みきり,かくとう,変化,0,,,,変化関連,,,,-,8,必ず先制でき(優先度:+4)、そのターンの間、相手の技を受けない。連続で使うと失敗しやすくなる。具体的には、最初は成功するが、使う度に成功率が1/3になっていく(失敗するとリセットされる)。ダイマックス技や第7世代のZワザの攻撃技は貫通し、1/4のダメージを受ける。
ミストフィールド,フェアリー,変化,0,,,,変化関連,,,,-,12,5ターンの間、場の状態を『ミストフィールド』にする。『ひこう』タイプや特性『ふゆう』などではない地面にいるすべてのポケモンは、状態異常にならず、また『ドラゴン』タイプの技の威力が半減する。すでに状態異常の場合は回復しない。また、道具『ミストシード』を持ったポケモンは『とくぼう』ランクが1段階上がる(この効果は、地面にいないポケモンでも発動する)。
みずあそび,みず,変化,0,,,,変化関連,,,,,,
みずびたし,みず,変化,0,,,,変化関連,,,,100,20,相手を『みず』タイプにする。
みちづれ,ゴースト,変化,0,,,,変化関連,,,,-,8,自分は『みちづれ』状態となり、次の自分のターンまでに相手の攻撃で『ひんし』状態になると、相手も『ひんし』状態になる。ダイマックスしている相手には効果がない。第7世代以降は、連続で使うと必ず失敗する。
みやぶる,ノーマル,変化,0,,,,変化関連,,,,,,
ミラータイプ,ノーマル,変化,0,,,,変化関連,,,,-,16,自分の『タイプ』を相手と同じ『タイプ』にする。相手がテラスタルしている時はテラスタイプをコピーするが、相手が『ステラ』タイプにテラスタルしている場合は元のタイプをコピーする。
ミラクルアイ,エスパー,変化,0,,,,変化関連,,,,,,
ミルクのみ,ノーマル,変化,0,,,,変化関連,,,,,,
みをけずる,ノーマル,変化,0,,,,変化関連,,,,,,
めいそう,エスパー,変化,0,,,,変化関連,,,,-,20,自分の『とくこう』『とくぼう』ランクが1段階ずつ上がる。
メロメロ,ノーマル,変化,0,,,,変化関連,,,,100,16,相手が自分とは異なる性別の場合、相手を『メロメロ』状態にする。『メロメロ』状態になると、50%の確率で相手は自分に攻撃できなくなる。自分と相手の性別が同じ時や、どちらかが性別不明の場合は失敗する。
ものまね,ノーマル,変化,0,,,,変化関連,,,,,,
もりののろい,くさ,変化,0,,,,変化関連,,,,100,20,相手の『タイプ』に『くさ』タイプを追加する。
やどりぎのタネ,くさ,変化,0,,,,変化関連,,,,90,12,使用後、毎ターン、相手のHPを最大HPの1/8ずつ減らし、その分自分のHPを回復させる。自分は交代しても効果が引き継ぐ。『くさ』タイプのポケモンには無効。
ゆうわく,ノーマル,変化,0,,,,変化関連,,,,,,
ゆきげしき,こおり,変化,0,,,,変化関連,,,,-,8,5ターンの間、天気を『ゆき』にする(『こおり』タイプのポケモンは、『ぼうぎょ』が1.5倍になる)。
ゆびをふる,ノーマル,変化,0,,,,変化関連,,,,,,
ヨガのポーズ,エスパー,変化,0,,,,変化関連,,,,,,
よこどり,あく,変化,0,,,,変化関連,,,,,,
リサイクル,ノーマル,変化,0,,,,変化関連,,,,-,12,自分が最後に使用した持ち物の道具を手に入れる。道具を持っている場合は失敗する。
リフレクター,エスパー,変化,0,,,,変化関連,,,,-,20,5ターンの間、相手の物理攻撃のダメージを半分にする。味方が複数の場合は半分ではなく2/3になる。急所に当たった場合は軽減されない。交代しても効果は続く。
リフレッシュ,ノーマル,変化,0,,,,変化関連,,,,,,
りゅうのまい,ドラゴン,変化,0,,,,変化関連,,,,-,20,自分の『こうげき』『すばやさ』ランクを1段階ずつ上げる。
ロックオン,ノーマル,変化,0,,,,変化関連,,,,-,8,次のターン、使った相手に自分の技が必ず命中する。
ロックカット,いわ,変化,0,,,,変化関連,,,,-,20,自分の『すばやさ』ランクが2段階上がる。
ワイドガード,いわ,変化,0,,,,変化関連,,,,-,12,必ず先制でき(優先度:+3)、そのターンの間、自分と味方は相手や味方が使った複数のポケモンが対象の技を受けない。
わたほうし,くさ,変化,0,,,,変化関連,,,,100,20,相手の『すばやさ』ランクを2段階下げる。『くさ』タイプや特性『ぼうじん』、道具『ぼうじんゴーグル』を持っているポケモンには無効。
わるだくみ,あく,変化,0,,,,変化関連,,,,-,20,自分の『とくこう』ランクを2段階上げる。
ワンダールーム,エスパー,変化,0,,,,変化関連,,,,-,12,5ターンの間、すべてのポケモンの『ぼうぎょ』と『とくぼう』の能力値が入れ替わる。もう1度使用すると元に戻る。
くさむすび,くさ,特殊,,1,,,体重依存,TRUE,,,100,20,相手の『おもさ』が重いほど威力が高くなる。10kg未満は20、25kg未満は40、50kg未満は60、100kg未満は80、200kg未満は100、それ以上は120。ダイマックスしている相手には無効。
けたぐり,かくとう,物理,,1,,,体重依存,TRUE,,,100,20,相手の『おもさ』が重いほど威力が高くなる。10kg未満は20、25kg未満は40、50kg未満は60、100kg未満は80、200kg未満は100、それ以上は120。ダイマックスしている相手には無効。
ジャイロボール,はがね,物理,,1,,,素早さ依存,TRUE,,,100,8,相手より『すばやさ』が低いほど威力が高くなる。(25×相手のすばやさ÷自分のすばやさ)+1が威力になる。ただし最大威力は150。小数点以下は切り捨て。
ヘビーボンバー,はがね,物理,,1,,,体重依存,TRUE,,,100,12,自分の『おもさ』が相手より重いほど威力が高くなる。相手の『おもさ』が自分の1/5以下なら120、1/4以下なら100、1/3以下なら80、1/2以下なら60、それより大きければ40。相手が技『ちいさくなる』を使用していると必ず命中し、威力が2倍になる(第7世代以降)。ダイマックスしている相手には無効。
ヒートスタンプ,ほのお,物理,,1,,,体重依存,TRUE,,,100,12,自分の『おもさ』が相手より重いほど威力が高くなる。相手の『おもさ』が自分の1/5以下なら120、1/4以下なら100、1/3以下なら80、1/2以下なら60、それ以上なら40。相手が技『ちいさくなる』を使用していると必ず命中し、威力が2倍になる。ダイマックスしている相手には無効。
カウンター,かくとう,物理,,1,,,反射,TRUE,,,100,20,相手の物理攻撃のダメージの2倍をその相手に与える。『ダブルバトル』の時は最後に受けた技のみ有効になる。必ず後攻になる(優先度:-5)。『ゴースト』タイプには無効だが、それ以外のタイプ相性の影響を受けない。
なげつける,あく,物理,,1,,,,,,,100,12,自分の持っている道具によって効果が変化する。投げつけた道具はなくなる。
ふくろだたき,あく,物理,,1,,,,,,,100,12,自分を含む『ひんし』や状態異常でない『てもち』のポケモンの数だけ攻撃する。
じたばた,ノーマル,物理,,1,,,HP依存,TRUE,,,100,16,自分の残りHPが少ないほど威力が高くなる。(威力は20～200)
ゆきなだれ,こおり,物理,,1,,,反射,TRUE,,,100,12,そのターンに相手の技のダメージを受けると威力が2倍になる。必ず後攻になる(優先度:-4)。
ミラーコート,エスパー,特殊,,1,,,反射,,,,100,20,相手の特殊攻撃のダメージの2倍をその相手に与える。『ダブルバトル』の時は最後に受けた技のみ有効になる。必ず後攻になる(優先度:-5)。『あく』タイプには無効だが、それ以外のタイプ相性の影響を受けない。
がむしゃら,ノーマル,物理,,1,,,HP依存,TRUE,,,100,8,相手の残りHPから自分の残りHPを引いた分のダメージを与える。『ゴースト』タイプには無効だが、それ以外のタイプ相性の影響を受けない。
はきだす,ノーマル,特殊,,1,,,,,,,100,12,技『たくわえる』を使った数だけ威力が高くなる。1つの時は100、2つの時は200、3つの時は300になる。技『たくわえる』で上がった『ぼうぎょ』『とくぼう』ランクは元に戻る。技『たくわえる』を使っていない時は失敗する。
エレキボール,でんき,特殊,,1,,,素早さ依存,,,,100,12,相手より『すばやさ』が高いほど威力が高くなる。1倍未満は40、2倍未満は60、3倍未満は80、4倍未満は120、それ以上は150。
きしかいせい,かくとう,物理,,1,,,HP依存,TRUE,,,100,16,自分の残りHPが少ないほど威力が高くなる。(威力は20～200)
ナイトヘッド,ゴースト,特殊,,1,,,LV依存,,,,100,16,自分のレベルと同じ値の固定ダメージを与える。『ノーマル』タイプには無効だが、それ以外のタイプ相性の影響を受けない。
イカサマ,あく,物理,95,1,,,相手の攻撃の能力値でダメージ計算する。,TRUE,,,100,16,自分の『こうげき』ではなく、相手の『こうげき』の能力値でダメージ計算する。
ちきゅうなげ,かくとう,物理,,1,,,LV依存,TRUE,,,100,20,自分のレベルと同じ値の固定ダメージを与える。チャンピオンズでは50ダメージ。『ゴースト』タイプには無効だが、それ以外のタイプ相性の影響を受けない。
ハサミギロチン,ノーマル,物理,,1,,,一撃必殺,TRUE,,,30,8,相手を『ひんし』状態にする。『ゴースト』タイプには無効だが、それ以外のタイプ相性の影響を受けない。ダイマックスしている相手には無効。
ハードプレス,はがね,物理,,1,,,HP依存,TRUE,,,100,12,相手の残りHPが多いほど威力が高くなる。(100×相手の残りHP÷相手の最大HP)が威力になる。
じわれ,じめん,物理,,1,,,一撃必殺,,,,30,8,相手を『ひんし』状態にする。『ひこう』タイプには無効だが、それ以外のタイプ相性の影響を受けない。ダイマックスしている相手には無効。
いかりのまえば,ノーマル,物理,,1,,,HP半分,TRUE,,,90,12,相手のHPを残りHPの半分にする。残りHPが1の場合は1ダメージ。『ゴースト』タイプには無効だが、それ以外のタイプ相性の影響を受けない。
ほうふく,あく,特殊,,1,,,HP依存,TRUE,,,100,12,そのターンに最後に受けた技のダメージの1.5倍をその相手に与える。ダメージを受けていない時は失敗する。タイプ相性の影響を受けない。
メタルバースト,はがね,物理,,1,,,HP依存,,,,100,12,そのターンに最後に受けた技のダメージの1.5倍をその相手に与える。ダメージを受けていない時は失敗する。タイプ相性の影響を受けない。
ぜったいれいど,こおり,特殊,,1,,,一撃必殺,,,,30,8,相手を『ひんし』状態にする。相手が『こおり』タイプの場合は効果がない。また、『こおり』タイプ以外のポケモンが使うと命中率が20%に下がる。ダイマックスしている相手には無効。
いのちがけ,かくとう,特殊,,1,,,HP依存,,,,100,8,自分のHPを0にし、その分のダメージを相手に与える。『ゴースト』タイプには無効だが、それ以外のタイプ相性の影響を受けない。
つのドリル,ノーマル,物理,,1,,,一撃必殺,TRUE,,,30,8,相手を『ひんし』状態にする。『ゴースト』タイプには無効だが、それ以外のタイプ相性の影響を受けない。ダイマックスしている相手には無効。