No,名前,タイプ1,タイプ2,HP,攻撃,防御,特攻,特防,素早,おもさ,とくせい1,とくせい2,かくれとくせい,使用可能
1,フシギダネ,くさ,どく,45,49,49,65,65,45,6.9,しんりょく,,ようりょくそ,
2,フシギソウ,くさ,どく,60,62,63,80,80,60,13,しんりょく,,ようりょくそ,
3,フシギバナ,くさ,どく,80,82,83,100,100,80,100,しんりょく,,ようりょくそ,TRUE
3,メガフシギバナ,くさ,どく,80,100,123,122,120,80,155.5,あついしぼう,,,TRUE
4,ヒトカゲ,ほのお,,39,52,43,60,50,65,8.5,もうか,,サンパワー,
5,リザード,ほのお,,58,64,58,80,65,80,19,もうか,,サンパワー,
6,リザードン,ほのお,ひこう,78,84,78,109,85,100,90.5,もうか,,サンパワー,TRUE
6,メガリザードンX,ほのお,ドラゴン,78,130,111,130,85,100,110.5,かたいツメ,,,TRUE
6,メガリザードンY,ほのお,ひこう,78,104,78,159,115,100,110.5,ひでり,,,TRUE
7,ゼニガメ,みず,,44,48,65,50,64,43,9,げきりゅう,,あめうけざら,
8,カメール,みず,,59,63,80,65,80,58,22.5,げきりゅう,,あめうけざら,
9,カメックス,みず,,79,83,100,85,105,78,85.5,げきりゅう,,あめうけざら,TRUE
9,メガカメックス,みず,,79,103,120,135,115,78,101.1,メガランチャー,,,TRUE
10,キャタピー,むし,,45,30,35,20,20,45,2.9,りんぷん,,にげあし,
11,トランセル,むし,,50,20,55,25,25,30,9.9,だっぴ,,,
12,バタフリー,むし,ひこう,60,45,50,90,80,70,32,ふくがん,,いろめがね,
13,ビードル,むし,どく,40,35,30,20,20,50,3.2,りんぷん,,にげあし,
14,コクーン,むし,どく,45,25,50,25,25,35,10,だっぴ,,,
15,スピアー,むし,どく,65,90,40,45,80,75,29.5,むしのしらせ,,スナイパー,TRUE
15,メガスピアー,むし,どく,65,150,40,15,80,145,40.5,てきおうりょく,,,TRUE
16,ポッポ,ノーマル,ひこう,40,45,40,35,35,56,1.8,するどいめ,ちどりあし,はとむね,
17,ピジョン,ノーマル,ひこう,63,60,55,50,50,71,30,するどいめ,ちどりあし,はとむね,
18,ピジョット,ノーマル,ひこう,83,80,75,70,70,101,39.5,するどいめ,ちどりあし,はとむね,TRUE
18,メガピジョット,ノーマル,ひこう,83,80,80,135,80,121,50.5,ノーガード,,,TRUE
19,コラッタ,ノーマル,,30,56,35,25,35,72,3.5,にげあし,こんじょう,はりきり,
19,コラッタA,あく,ノーマル,30,56,35,25,35,72,3.8,くいしんぼう,はりきり,あついしぼう,
20,ラッタ,ノーマル,,55,81,60,50,70,97,18.5,にげあし,こんじょう,はりきり,
20,ラッタA,あく,ノーマル,75,71,70,40,80,77,25.5,くいしんぼう,はりきり,あついしぼう,
21,オニスズメ,ノーマル,ひこう,40,60,30,31,31,70,2,するどいめ,,スナイパー,
22,オニドリル,ノーマル,ひこう,65,90,65,61,61,100,38,するどいめ,,スナイパー,
23,アーボ,どく,,35,60,44,40,54,55,6.9,いかく,だっぴ,きんちょうかん,
24,アーボック,どく,,60,95,69,65,79,80,65,いかく,だっぴ,きんちょうかん,TRUE
25,ピカチュウ,でんき,,35,55,40,50,50,90,6,せいでんき,,ひらいしん,TRUE
26,ライチュウ,でんき,,60,90,55,90,80,110,30,せいでんき,,ひらいしん,TRUE
26,ライチュウA,でんき,エスパー,60,85,50,95,85,110,21,サーフテール,,,TRUE
26,メガライチュウX,でんき,,60,135,95,90,95,110,38,エレキメイカー,,,TRUE
26,メガライチュウY,でんき,,60,100,55,160,80,130,26,ノーガード,,,TRUE
27,サンド,こおり,はがね,50,75,85,20,30,40,12,すながくれ,,すなかき,
27,サンドA,こおり,はがね,50,75,90,10,35,40,40,ゆきがくれ,,ゆきかき,
28,サンドパン,こおり,はがね,75,100,110,45,55,65,29.5,すながくれ,,すなかき,
28,サンドパンA,こおり,はがね,75,100,120,25,65,65,55,ゆきがくれ,,ゆきかき,
29,ニドラン♀,どく,,55,47,52,40,40,41,7,どくのトゲ,とうそうしん,はりきり,
30,ニドリーナ,どく,,70,62,67,55,55,56,20,どくのトゲ,とうそうしん,はりきり,
31,ニドクイン,どく,じめん,90,92,87,75,85,76,60,どくのトゲ,とうそうしん,ちからずく,
32,ニドラン♂,どく,,46,57,40,40,40,50,9,どくのトゲ,とうそうしん,はりきり,
33,ニドリーノ,どく,,61,72,57,55,55,65,19.5,どくのトゲ,とうそうしん,はりきり,
34,ニドキング,どく,じめん,81,102,77,85,75,85,62,どくのトゲ,とうそうしん,ちからずく,
35,ピッピ,フェアリー,,70,45,48,60,65,35,7.5,メロメロボディ,マジックガード,フレンドガード,
36,ピクシー,フェアリー,,95,70,73,95,90,60,40,メロメロボディ,マジックガード,てんねん,TRUE
36,メガピクシー,フェアリー,ひこう,95,80,93,135,110,70,42.3,マジックミラー,,,TRUE
37,ロコン,ほのお,,38,41,40,50,65,65,9.9,もらいび,,ひでり,
37,ロコンA,こおり,,38,41,40,50,65,65,9.9,ゆきがくれ,,ゆきふらし,
38,キュウコン,ほのお,,73,76,75,81,100,100,19.9,もらいび,,ひでり,TRUE
38,キュウコンA,こおり,フェアリー,73,67,75,81,100,109,19.9,ゆきがくれ,,ゆきふらし,TRUE
39,プリン,ノーマル,フェアリー,115,45,20,45,25,20,5.5,メロメロボディ,かちき,フレンドガード,
40,プクリン,ノーマル,フェアリー,140,70,45,85,50,45,12,メロメロボディ,かちき,おみとおし,TRUE
41,ズバット,どく,ひこう,40,45,35,30,40,55,7.5,せいしんりょく,,すりぬけ,
42,ゴルバット,どく,ひこう,75,80,70,65,75,90,55,せいしんりょく,,すりぬけ,
43,ナゾノクサ,くさ,どく,45,50,55,75,65,30,5.4,ようりょくそ,,にげあし,
44,クサイハナ,くさ,どく,60,65,70,85,75,40,8.6,ようりょくそ,,あくしゅう,
45,ラフレシア,くさ,どく,75,80,85,110,90,50,18.6,ようりょくそ,,ほうし,TRUE
46,パラス,むし,くさ,35,70,55,45,55,25,5.4,ほうし,かんそうはだ,しめりけ,
47,パラセクト,むし,くさ,60,95,80,60,80,30,29.5,ほうし,かんそうはだ,しめりけ,
48,コンパン,むし,どく,60,55,50,40,55,45,30,ふくがん,いろめがね,にげあし,
49,モルフォン,むし,どく,70,65,60,90,75,90,12.5,りんぷん,いろめがね,ミラクルスキン,
50,ディグダ,じめん,,10,55,25,35,45,95,0.8,すながくれ,ありじごく,すなのちから,
50,ディグダA,じめん,はがね,10,55,30,35,45,90,1,すながくれ,カーリーヘアー,すなのちから,
51,ダグトリオ,じめん,,35,100,50,50,70,120,33.3,すながくれ,ありじごく,すなのちから,
51,ダグトリオA,じめん,はがね,35,100,60,50,70,110,66.6,すながくれ,カーリーヘアー,すなのちから,
52,ニャース,ノーマル,,40,45,35,40,40,90,4.2,ものひろい,テクニシャン,きんちょうかん,
52,ニャースA,あく,,40,35,35,50,40,90,4.2,ものひろい,テクニシャン,びびり,
53,ペルシアン,ノーマル,,65,70,60,65,65,115,32,じゅうなん,テクニシャン,きんちょうかん,TRUE
53,ペルシアンA,あく,,65,60,60,75,65,115,33,ファーコート,テクニシャン,びびり,TRUE
54,コダック,みず,,50,52,48,65,50,55,19.6,しめりけ,ノーてんき,すいすい,
55,ゴルダック,みず,,80,82,78,95,80,85,76.6,しめりけ,ノーてんき,すいすい,
56,マンキー,かくとう,,40,80,35,35,45,70,28,やるき,いかりのつぼ,まけんき,
57,オコリザル,かくとう,,65,105,60,60,70,95,32,やるき,いかりのつぼ,まけんき,
58,ガーディ,ほのお,,55,70,45,70,50,60,19,いかく,もらいび,せいぎのこころ,
59,ウインディ,ほのお,,90,110,80,100,80,95,155,いかく,もらいび,せいぎのこころ,TRUE
59,ウインディH,ほのお,いわ,95,115,85,95,80,90,168,いかく,もらいび,いしあたま,TRUE
60,ニョロモ,みず,,40,50,40,40,40,90,12.4,ちょすい,しめりけ,すいすい,
61,ニョロゾ,みず,,65,65,65,50,50,90,20,ちょすい,しめりけ,すいすい,
62,ニョロボン,みず,かくとう,90,95,95,70,90,70,54,ちょすい,しめりけ,すいすい,
63,ケーシィ,エスパー,,25,20,15,105,55,90,19.5,シンクロ,せいしんりょく,マジックガード,
64,ユンゲラー,エスパー,,40,35,30,120,70,105,56.5,シンクロ,せいしんりょく,マジックガード,
65,フーディン,エスパー,,55,50,45,135,95,120,48,シンクロ,せいしんりょく,マジックガード,TRUE
65,メガフーディン,エスパー,,55,50,65,175,105,150,48,トレース,,,TRUE
66,ワンリキー,かくとう,,70,80,50,35,35,35,19.5,こんじょう,ノーガード,ふくつのこころ,
67,ゴーリキー,かくとう,,80,100,70,50,60,45,70.5,こんじょう,ノーガード,ふくつのこころ,
68,カイリキー,かくとう,,90,130,80,65,85,55,130,こんじょう,ノーガード,ふくつのこころ,TRUE
69,マダツボミ,くさ,どく,50,75,35,70,30,40,4,ようりょくそ,,くいしんぼう,
70,ウツドン,くさ,どく,65,90,50,85,45,55,6.4,ようりょくそ,,くいしんぼう,
71,ウツボット,くさ,どく,80,105,65,100,70,70,15.5,ようりょくそ,,くいしんぼう,TRUE
71,メガウツボット,くさ,どく,80,125,85,135,95,70,125.5,とびだすなかみ,,,TRUE
72,メノクラゲ,みず,どく,40,40,35,50,100,70,45.5,クリアボディ,ヘドロえき,あめうけざら,
73,ドククラゲ,みず,どく,80,70,65,80,120,100,55,クリアボディ,ヘドロえき,あめうけざら,
74,イシツブテ,いわ,じめん,40,80,100,30,30,20,20,いしあたま,がんじょう,すながくれ,
74,イシツブテA,いわ,でんき,40,80,100,30,30,20,20.3,じりょく,がんじょう,エレキスキン,
75,ゴローン,いわ,じめん,55,95,115,45,45,35,105,いしあたま,がんじょう,すながくれ,
75,ゴローンA,いわ,でんき,55,95,115,45,45,35,110,じりょく,がんじょう,エレキスキン,
76,ゴローニャ,いわ,じめん,80,120,130,55,65,45,300,いしあたま,がんじょう,すながくれ,
76,ゴローニャA,いわ,でんき,80,120,130,55,65,45,316,じりょく,がんじょう,エレキスキン,
77,ポニータ,エスパー,,50,85,55,65,65,90,30,にげあし,もらいび,ほのおのからだ,
78,ギャロップ,エスパー,フェアリー,65,100,70,80,80,105,95,にげあし,もらいび,ほのおのからだ,
79,ヤドン,みず,エスパー,90,65,65,40,40,15,36,どんかん,マイペース,さいせいりょく,
79,ヤドンG,エスパー,どく,90,65,65,40,40,15,36,くいしんぼう,マイペース,さいせいりょく,
80,ヤドラン,みず,エスパー,95,75,110,100,80,30,78.5,どんかん,マイペース,さいせいりょく,TRUE
80,ヤドランG,どく,エスパー,95,100,95,100,70,30,70.5,クイックドロウ,マイペース,さいせいりょく,TRUE
80,メガヤドラン,みず,エスパー,95,75,180,130,80,30,120,シェルアーマー,,,TRUE
81,コイル,でんき,はがね,25,35,70,95,55,45,6,じりょく,がんじょう,アナライズ,
82,レアコイル,でんき,はがね,50,60,95,120,70,70,60,じりょく,がんじょう,アナライズ,
83,カモネギ,ノーマル,ひこう,52,90,55,58,62,60,15,するどいめ,せいしんりょく,まけんき,TRUE
83,カモネギG,かくとう,,52,95,55,58,62,55,42,ふくつのこころ,,きもったま,
84,ドードー,ノーマル,ひこう,35,85,45,35,35,75,39.2,にげあし,はやおき,ちどりあし,
85,ドードリオ,ノーマル,ひこう,60,110,70,60,60,110,85.2,にげあし,はやおき,ちどりあし,
86,パウワウ,みず,,65,45,55,45,70,45,90,あついしぼう,うるおいボディ,アイスボディ,
87,ジュゴン,みず,こおり,90,70,80,70,95,70,120,あついしぼう,うるおいボディ,アイスボディ,
88,ベトベター,どく,,80,80,50,40,50,25,30,あくしゅう,ねんちゃく,どくしゅ,
88,ベトベターA,どく,あく,80,80,50,40,50,25,42,どくしゅ,くいしんぼう,かがくのちから,
89,ベトベトン,どく,,105,105,75,65,100,50,30,あくしゅう,ねんちゃく,どくしゅ,
89,ベトベトンA,どく,あく,105,105,75,65,100,50,52,どくしゅ,くいしんぼう,かがくのちから,
90,シェルダー,みず,,30,65,100,45,25,40,4,シェルアーマー,スキルリンク,ぼうじん,
91,パルシェン,みず,こおり,50,95,180,85,45,70,132.5,シェルアーマー,スキルリンク,ぼうじん,
92,ゴース,ゴースト,どく,30,35,30,100,35,80,0.1,ふゆう,,,
93,ゴースト,ゴースト,どく,45,50,45,115,55,95,0.1,ふゆう,,,
94,ゲンガー,ゴースト,どく,60,65,60,130,75,110,40.5,のろわれボディ,,,TRUE
94,メガゲンガー,ゴースト,どく,60,65,80,170,95,130,40.5,かげふみ,,,TRUE
95,イワーク,いわ,じめん,35,45,160,30,45,70,210,いしあたま,がんじょう,くだけるよろい,
96,スリープ,エスパー,,60,48,45,43,90,42,32.4,ふみん,よちむ,せいしんりょく,
97,スリーパー,エスパー,,85,73,70,73,115,67,75.6,ふみん,よちむ,せいしんりょく,
98,クラブ,みず,,30,105,90,25,25,50,6.5,かいりきバサミ,シェルアーマー,ちからずく,
99,キングラー,みず,,55,130,115,50,50,75,60,かいりきバサミ,シェルアーマー,ちからずく,
100,ビリリダマ,でんき,,40,30,50,55,55,100,10.4,ぼうおん,せいでんき,ゆうばく,
101,マルマイン,でんき,,60,50,70,80,80,150,66.6,ぼうおん,せいでんき,ゆうばく,
102,タマタマ,くさ,エスパー,60,40,80,60,45,40,2.5,ようりょくそ,,しゅうかく,
103,ナッシー,くさ,エスパー,95,95,85,125,75,55,120,ようりょくそ,,しゅうかく,
103,ナッシーA,くさ,ドラゴン,95,105,85,125,75,45,415.6,おみとおし,,しゅうかく,
104,カラカラ,じめん,,50,50,95,40,50,35,6.5,いしあたま,ひらいしん,カブトアーマー,
105,ガラガラ,じめん,,60,80,110,50,80,45,45,いしあたま,ひらいしん,カブトアーマー,
105,ガラガラA,ほのお,ゴースト,60,80,110,50,80,45,34,のろわれボディ,ひらいしん,いしあたま,
106,サワムラー,かくとう,,50,120,53,35,110,87,49.8,じゅうなん,すてみ,かるわざ,
107,エビワラー,かくとう,,50,105,79,35,110,76,50.2,するどいめ,てつのこぶし,せいしんりょく,
108,ベロリンガ,ノーマル,,90,55,75,60,75,30,65.5,マイペース,どんかん,ノーてんき,
109,ドガース,どく,,40,65,95,60,45,35,1,ふゆう,かがくへんかガス,あくしゅう,
110,マタドガス,どく,,65,90,120,85,70,60,9.5,ふゆう,かがくへんかガス,あくしゅう,
110,マタドガスG,どく,フェアリー,65,90,120,85,70,60,16,ふゆう,かがくへんかガス,ミストメイカー,
111,サイホーン,じめん,いわ,80,85,95,30,30,25,115,ひらいしん,いしあたま,すてみ,
112,サイドン,じめん,いわ,105,130,120,45,45,40,120,ひらいしん,いしあたま,すてみ,
113,ラッキー,ノーマル,,250,5,5,35,105,50,34.6,しぜんかいふく,てんのめぐみ,いやしのこころ,
114,モンジャラ,くさ,,65,55,115,100,40,60,35,ようりょくそ,リーフガード,さいせいりょく,
115,ガルーラ,ノーマル,,105,95,80,40,80,90,80,はやおき,きもったま,せいしんりょく,TRUE
115,メガガルーラ,ノーマル,,105,125,100,60,100,100,100,おやこあい,,,TRUE
116,タッツー,みず,,30,40,70,70,25,60,8,すいすい,スナイパー,しめりけ,
117,シードラ,みず,,55,65,95,95,45,85,25,どくのトゲ,スナイパー,しめりけ,
118,トサキント,みず,,45,67,60,35,50,63,15,すいすい,みずのベール,ひらいしん,
119,アズマオウ,みず,,80,92,65,65,80,68,39,すいすい,みずのベール,ひらいしん,
120,ヒトデマン,みず,,30,45,55,70,55,85,34.5,はっこう,しぜんかいふく,アナライズ,
121,スターミー,みず,エスパー,60,75,85,100,85,115,80,はっこう,しぜんかいふく,アナライズ,TRUE
121,メガスターミー,みず,エスパー,60,100,105,130,105,120,80,ちからもち,,,TRUE
122,バリヤード,エスパー,フェアリー,40,45,65,100,120,90,54.5,ぼうおん,フィルター,テクニシャン,TRUE
123,ストライク,むし,ひこう,70,110,80,55,80,105,56,むしのしらせ,テクニシャン,ふくつのこころ,
124,ルージュラ,こおり,エスパー,65,50,35,115,95,95,40.6,どんかん,よちむ,かんそうはだ,
125,エレブー,でんき,,65,83,57,95,85,105,30,せいでんき,,やるき,
126,ブーバー,ほのお,,65,95,57,100,85,93,44.5,ほのおのからだ,,やるき,
127,カイロス,むし,,65,125,100,55,70,85,55,かいりきバサミ,かたやぶり,じしんかじょう,TRUE
127,メガカイロス,むし,ひこう,65,155,120,65,90,105,59,スカイスキン,,,TRUE
128,ケンタロス,ノーマル,,75,100,95,40,70,110,88.4,いかく,いかりのつぼ,ちからずく,TRUE
128,ケンタロスP,かくとう,,75,110,105,30,70,100,490,いかく,いかりのつぼ,はんすう,TRUE
128,ケンタロスP炎,かくとう,ほのお,75,110,105,30,70,100,490,いかく,いかりのつぼ,はんすう,TRUE
128,ケンタロスP水,かくとう,みず,75,110,105,30,70,100,490,いかく,いかりのつぼ,はんすう,TRUE
129,コイキング,みず,,20,10,55,15,20,80,10,すいすい,,びびり,
130,ギャラドス,みず,ひこう,95,125,79,60,100,81,235,いかく,,じしんかじょう,TRUE
130,メガギャラドス,みず,あく,95,155,109,70,130,81,305,かたやぶり,,,TRUE
131,ラプラス,みず,こおり,130,85,80,85,95,60,220,ちょすい,シェルアーマー,うるおいボディ,
132,メタモン,ノーマル,,48,48,48,48,48,48,4,じゅうなん,,かわりもの,TRUE
133,イーブイ,ノーマル,,55,55,50,45,65,55,6.5,にげあし,てきおうりょく,きけんよち,
134,シャワーズ,みず,,130,65,60,110,95,65,29,ちょすい,,うるおいボディ,TRUE
135,サンダース,でんき,,65,65,60,110,95,130,24.5,ちくでん,,はやあし,TRUE
136,ブースター,ほのお,,65,130,60,95,110,65,25,もらいび,,こんじょう,TRUE
137,ポリゴン,ノーマル,,65,60,70,85,75,40,36.5,トレース,ダウンロード,アナライズ,
138,オムナイト,いわ,みず,35,40,100,90,55,35,7.5,すいすい,シェルアーマー,くだけるよろい,
139,オムスター,いわ,みず,70,60,125,115,70,55,35,すいすい,シェルアーマー,くだけるよろい,
140,カブト,いわ,みず,30,80,90,55,45,55,11.5,すいすい,カブトアーマー,くだけるよろい,
141,カブトプス,いわ,みず,60,115,105,65,70,80,40.5,すいすい,カブトアーマー,くだけるよろい,
142,プテラ,いわ,ひこう,80,105,65,60,75,130,59,いしあたま,プレッシャー,きんちょうかん,TRUE
142,メガプテラ,いわ,ひこう,80,135,85,70,95,150,79,かたいツメ,,,TRUE
143,カビゴン,ノーマル,,160,110,65,65,110,30,460,めんえき,あついしぼう,くいしんぼう,TRUE
144,フリーザー,こおり,ひこう,90,85,100,95,125,85,55.4,プレッシャー,,ゆきがくれ,
144,フリーザーG,エスパー,ひこう,90,85,85,125,100,95,580,かちき,,,
145,サンダー,でんき,ひこう,90,90,85,125,90,100,52.6,プレッシャー,,せいでんき,
145,サンダーG,かくとう,ひこう,90,125,90,85,90,100,580,まけんき,,,
146,ファイヤー,ほのお,ひこう,90,100,90,125,85,90,60,プレッシャー,,ほのおのからだ,
146,ファイヤーG,あく,ひこう,90,85,90,100,125,90,580,ぎゃくじょう,,,
147,ミニリュウ,ドラゴン,,41,64,45,50,50,50,3.3,だっぴ,,ふしぎなうろこ,
148,ハクリュー,ドラゴン,,61,84,65,70,70,70,16.5,だっぴ,,ふしぎなうろこ,
149,カイリュー,ドラゴン,ひこう,91,134,95,100,100,80,210,せいしんりょく,,マルチスケイル,TRUE
149,メガカイリュー,ドラゴン,ひこう,91,124,115,145,125,100,290,マルチスケイル,,,TRUE
150,ミュウツー,エスパー,,106,110,90,154,90,130,122,プレッシャー,,きんちょうかん,
150,メガミュウツーX,エスパー,かくとう,106,190,100,154,100,130,127,ふくつのこころ,,,
150,メガミュウツーY,エスパー,,106,150,70,194,120,140,127,ふみん,,,
151,ミュウ,エスパー,,100,100,100,100,100,100,4,シンクロ,,,
152,チコリータ,くさ,,45,49,65,49,65,45,6.4,しんりょく,,リーフガード,
153,ベイリーフ,くさ,,60,62,80,63,80,60,15.8,しんりょく,,リーフガード,
154,メガニウム,くさ,,80,82,100,83,100,80,100.5,しんりょく,,リーフガード,TRUE
154,メガメガニウム,くさ,フェアリー,80,92,115,143,115,80,100.5,メガソーラー,,,TRUE
155,ヒノアラシ,ほのお,,39,52,43,60,50,65,7.9,もうか,,もらいび,
156,マグマラシ,ほのお,,58,64,58,80,65,80,19,もうか,,もらいび,
157,バクフーン,ほのお,,78,84,78,109,85,100,79.5,もうか,,もらいび,TRUE
157,バクフーンH,ほのお,ゴースト,73,84,78,119,85,95,69.8,もうか,,おみとおし,TRUE
158,ワニノコ,みず,,50,65,64,44,48,43,9.5,げきりゅう,,ちからずく,
159,アリゲイツ,みず,,65,80,80,59,63,58,25,げきりゅう,,ちからずく,
160,オーダイル,みず,,85,105,100,79,83,78,88.8,げきりゅう,,ちからずく,TRUE
160,メガオーダイル,みず,ドラゴン,85,160,125,89,93,78,108.8,ドラゴンスキン,,,TRUE
161,オタチ,ノーマル,,35,46,34,35,45,20,6,にげあし,するどいめ,おみとおし,
162,オオタチ,ノーマル,,85,76,64,45,55,90,32.5,にげあし,するどいめ,おみとおし,
163,ホーホー,ノーマル,ひこう,60,30,30,36,56,50,21.2,ふみん,するどいめ,いろめがね,
164,ヨルノズク,ノーマル,ひこう,100,50,50,86,96,70,40.8,ふみん,するどいめ,いろめがね,
165,レディバ,むし,ひこう,40,20,30,40,80,55,10.8,むしのしらせ,はやおき,びびり,
166,レディアン,むし,ひこう,55,35,50,55,110,85,35.6,むしのしらせ,はやおき,てつのこぶし,
167,イトマル,むし,どく,40,60,40,40,40,30,8.5,むしのしらせ,ふみん,スナイパー,
168,アリアドス,むし,どく,70,90,70,60,70,40,33.5,むしのしらせ,ふみん,スナイパー,TRUE
169,クロバット,どく,ひこう,85,90,80,70,80,130,75,せいしんりょく,,すりぬけ,
170,チョンチー,みず,でんき,75,38,38,56,56,67,12,ちくでん,はっこう,ちょすい,
171,ランターン,みず,でんき,125,58,58,76,76,67,22.5,ちくでん,はっこう,ちょすい,
172,ピチュー,でんき,,20,40,15,35,35,60,2,せいでんき,,ひらいしん,
173,ピィ,フェアリー,,50,25,28,45,55,15,3,メロメロボディ,マジックガード,フレンドガード,
174,ププリン,ノーマル,フェアリー,90,30,15,40,20,15,1,メロメロボディ,かちき,フレンドガード,
175,トゲピー,フェアリー,,35,20,65,40,65,20,1.5,はりきり,てんのめぐみ,きょううん,
176,トゲチック,フェアリー,ひこう,55,40,85,80,105,40,3.2,はりきり,てんのめぐみ,きょううん,
177,ネイティ,エスパー,ひこう,40,50,45,70,45,70,2,シンクロ,はやおき,マジックミラー,
178,ネイティオ,エスパー,ひこう,65,75,70,95,70,95,15,シンクロ,はやおき,マジックミラー,
179,メリープ,でんき,,55,40,40,65,45,35,7.8,せいでんき,,プラス,
180,モココ,でんき,,70,55,55,80,60,45,13.3,せいでんき,,プラス,
181,メガデンリュウ,でんき,ドラゴン,90,95,105,165,110,45,61.5,かたやぶり,,,TRUE
181,デンリュウ,でんき,,90,75,85,115,90,55,61.5,せいでんき,,プラス,TRUE
182,キレイハナ,くさ,,75,80,95,90,100,50,5.8,ようりょくそ,,いやしのこころ,
183,マリル,みず,フェアリー,70,20,50,20,50,40,8.5,あついしぼう,ちからもち,そうしょく,
184,マリルリ,みず,フェアリー,100,50,80,60,80,50,28.5,あついしぼう,ちからもち,そうしょく,TRUE
185,ウソッキー,いわ,,70,100,115,30,65,30,38,がんじょう,いしあたま,びびり,
186,ニョロトノ,みず,,90,75,75,90,100,70,33.9,ちょすい,しめりけ,あめふらし,TRUE
187,ハネッコ,くさ,ひこう,35,35,40,35,55,50,0.5,ようりょくそ,リーフガード,すりぬけ,
188,ポポッコ,くさ,ひこう,55,45,50,45,65,80,1,ようりょくそ,リーフガード,すりぬけ,
189,ワタッコ,くさ,ひこう,75,55,70,55,95,110,3,ようりょくそ,リーフガード,すりぬけ,
190,エイパム,ノーマル,,55,70,55,40,55,85,11.5,にげあし,ものひろい,スキルリンク,
191,ヒマナッツ,くさ,,30,30,30,30,30,30,1.8,ようりょくそ,サンパワー,はやおき,
192,キマワリ,くさ,,75,75,55,105,85,30,8.5,ようりょくそ,サンパワー,はやおき,
193,ヤンヤンマ,むし,ひこう,65,65,45,75,45,95,38,かそく,ふくがん,おみとおし,
194,ウパー,みず,じめん,55,45,45,25,25,15,8.5,しめりけ,ちょすい,てんねん,
195,ヌオー,みず,じめん,95,85,85,65,65,35,75,しめりけ,ちょすい,てんねん,
196,エーフィ,エスパー,,65,65,60,130,95,110,26.5,シンクロ,,マジックミラー,TRUE
197,ブラッキー,あく,,95,65,110,60,130,65,27,シンクロ,,せいしんりょく,TRUE
198,ヤミカラス,あく,ひこう,60,85,42,85,42,91,2.1,ふみん,きょううん,いたずらごころ,
199,ヤドキング,みず,エスパー,95,75,80,100,110,30,79.5,どんかん,マイペース,さいせいりょく,TRUE
199,ヤドキングG,エスパー,どく,95,75,80,100,110,30,79.5,きみょうなくすり,マイペース,さいせいりょく,TRUE
200,ムウマ,ゴースト,,60,60,60,85,85,85,1,ふゆう,,,
201,アンノーン,エスパー,,48,72,48,72,48,48,5,ふゆう,,,
202,ソーナンス,エスパー,,190,33,58,33,58,33,28.5,かげふみ,,テレパシー,
203,キリンリキ,ノーマル,エスパー,70,80,65,90,65,85,41.5,せいしんりょく,はやおき,そうしょく,
204,クヌギダマ,むし,,50,65,90,35,35,15,7.2,がんじょう,,ぼうじん,
205,フォレトス,むし,はがね,75,90,140,60,60,40,125.8,がんじょう,,ぼうじん,TRUE
206,ノコッチ,ノーマル,,100,70,70,65,65,45,14,てんのめぐみ,にげあし,びびり,
207,グライガー,じめん,ひこう,65,75,105,35,65,85,64.8,かいりきバサミ,すながくれ,めんえき,
208,メガハガネール,はがね,じめん,75,125,230,55,95,30,740,すなのちから,,,TRUE
208,ハガネール,はがね,じめん,75,85,200,55,65,30,400,いしあたま,がんじょう,ちからずく,TRUE
209,ブルー,フェアリー,,60,80,50,40,40,30,7.8,いかく,にげあし,びびり,
210,グランブル,フェアリー,,90,120,75,60,60,45,48.7,いかく,はやあし,びびり,
211,ハリーセン,みず,どく,65,95,85,55,55,85,3.9,どくのトゲ,すいすい,いかく,TRUE
212,メガハッサム,むし,はがね,70,150,140,65,100,75,125,テクニシャン,,,TRUE
212,ハッサム,むし,はがね,70,130,100,55,80,65,118,むしのしらせ,テクニシャン,ライトメタル,TRUE
213,ツボツボ,むし,いわ,20,10,230,10,230,5,20.5,がんじょう,くいしんぼう,あまのじゃく,
214,メガヘラクロス,むし,かくとう,80,185,115,40,105,75,62.5,スキルリンク,,,TRUE
214,ヘラクロス,むし,かくとう,80,125,75,40,95,85,54,むしのしらせ,こんじょう,じしんかじょう,TRUE
215,ニューラ,あく,こおり,55,95,55,35,75,115,28,せいしんりょく,するどいめ,わるいてぐせ,
216,ヒメグマ,ノーマル,,60,80,50,50,50,40,8.8,ものひろい,はやあし,みつあつめ,
217,リングマ,ノーマル,,90,130,75,75,75,55,125.8,こんじょう,はやあし,きんちょうかん,
218,マグマッグ,ほのお,,40,40,40,70,40,20,35,マグマのよろい,ほのおのからだ,くだけるよろい,
219,マグカルゴ,ほのお,いわ,60,50,120,90,80,30,55,マグマのよろい,ほのおのからだ,くだけるよろい,
220,ウリムー,こおり,じめん,50,50,40,30,30,50,6.5,どんかん,ゆきがくれ,あついしぼう,
221,イノムー,こおり,じめん,100,100,80,60,60,50,55.8,どんかん,ゆきがくれ,あついしぼう,
222,サニーゴ,みず,いわ,65,55,95,65,95,35,5,はりきり,しぜんかいふく,さいせいりょく,
223,テッポウオ,みず,,35,65,35,65,35,65,12,はりきり,スナイパー,ムラっけ,
224,オクタン,みず,,75,105,75,105,75,45,28.5,きゅうばん,スナイパー,ムラっけ,
225,デリバード,こおり,ひこう,45,55,45,65,45,75,16,やるき,はりきり,ふみん,
226,マンタイン,みず,ひこう,85,40,70,80,140,70,220,すいすい,ちょすい,みずのベール,
227,エアームド,はがね,ひこう,65,80,140,40,70,70,50.5,するどいめ,がんじょう,くだけるよろい,TRUE
227,メガエアームド,はがね,ひこう,65,140,110,40,100,110,40.4,すじがねいり,,,TRUE
228,デルビル,あく,ほのお,45,60,30,80,50,65,10.8,はやおき,もらいび,きんちょうかん,
229,ヘルガー,あく,ほのお,75,90,50,110,80,95,35,はやおき,もらいび,きんちょうかん,TRUE
229,メガヘルガー,あく,ほのお,75,90,90,140,90,115,49.5,サンパワー,,,TRUE
230,キングドラ,みず,ドラゴン,75,95,95,95,95,85,152,すいすい,スナイパー,しめりけ,
231,ゴマゾウ,じめん,,90,60,60,40,40,40,33.5,ものひろい,,すながくれ,
232,ドンファン,じめん,,90,120,120,60,60,50,120,がんじょう,,すながくれ,
233,ポリゴン２,ノーマル,,85,80,90,105,95,60,32.5,トレース,ダウンロード,アナライズ,
234,オドシシ,ノーマル,,73,95,62,85,65,85,71.2,いかく,おみとおし,そうしょく,
235,ドーブル,ノーマル,,55,20,35,20,45,75,58,マイペース,テクニシャン,ムラっけ,
236,バルキー,かくとう,,35,35,35,35,35,35,21,こんじょう,ふくつのこころ,やるき,
237,カポエラー,かくとう,,50,95,95,35,110,70,48,いかく,テクニシャン,ふくつのこころ,
238,ムチュール,こおり,エスパー,45,30,15,85,65,65,6,どんかん,よちむ,うるおいボディ,
239,エレキッド,でんき,,45,63,37,65,55,95,23.5,せいでんき,,やるき,
240,ブビィ,ほのお,,45,75,37,70,55,83,21.4,ほのおのからだ,,やるき,
241,ミルタンク,ノーマル,,95,80,105,40,70,100,75.5,あついしぼう,きもったま,そうしょく,
242,ハピナス,ノーマル,,255,10,10,75,135,55,46.8,しぜんかいふく,てんのめぐみ,いやしのこころ,
243,ライコウ,でんき,,90,85,75,115,100,115,178,プレッシャー,,せいしんりょく,
244,エンテイ,ほのお,,115,115,85,90,75,100,198,プレッシャー,,せいしんりょく,
245,スイクン,みず,,100,75,115,90,115,85,187,プレッシャー,,せいしんりょく,
246,ヨーギラス,いわ,じめん,50,64,50,45,50,41,72,こんじょう,,すながくれ,
247,サナギラス,いわ,じめん,70,84,70,65,70,51,152,だっぴ,,,
248,バンギラス,いわ,あく,100,134,110,95,100,61,202,すなおこし,,きんちょうかん,TRUE
248,メガバンギラス,いわ,あく,100,164,150,95,120,71,255,すなおこし,,,TRUE
249,ルギア,エスパー,ひこう,106,90,130,90,154,110,216,プレッシャー,,マルチスケイル,
250,ホウオウ,ほのお,ひこう,106,130,90,110,154,90,199,プレッシャー,,さいせいりょく,
251,セレビィ,エスパー,くさ,100,100,100,100,100,100,5,しぜんかいふく,,,
252,キモリ,くさ,,40,45,35,65,55,70,5,しんりょく,,かるわざ,
253,ジュプトル,くさ,,50,65,45,85,65,95,21.6,しんりょく,,かるわざ,
254,ジュカイン,くさ,,70,85,65,105,85,120,52.2,しんりょく,,かるわざ,TRUE
254,メガジュカイン,くさ,ドラゴン,70,110,75,145,85,145,55.2,ひらいしん,,,TRUE
255,アチャモ,ほのお,,45,60,40,70,50,45,2.5,もうか,,かそく,
256,ワカシャモ,ほのお,かくとう,60,85,60,85,60,55,19.5,もうか,,かそく,
257,バシャーモ,ほのお,かくとう,80,120,70,110,70,80,52,もうか,,かそく,TRUE
257,メガバシャーモ,ほのお,かくとう,80,160,80,130,80,100,52,かそく,,,TRUE
258,ミズゴロウ,みず,,50,70,50,50,50,40,7.6,げきりゅう,,しめりけ,
259,ヌマクロー,みず,じめん,70,85,70,60,70,50,28,げきりゅう,,しめりけ,
260,ラグラージ,みず,じめん,100,110,90,85,90,60,81.9,げきりゅう,,しめりけ,TRUE
260,メガラグラージ,みず,じめん,100,150,110,95,110,70,102,すいすい,,,TRUE
261,ポチエナ,あく,,35,55,35,30,30,35,13.6,にげあし,はやあし,びびり,
262,グラエナ,あく,,70,90,70,60,60,70,37,いかく,はやあし,じしんかじょう,
263,ジグザグマ,ノーマル,,38,30,41,30,41,60,17.5,ものひろい,くいしんぼう,はやあし,
264,マッスグマ,ノーマル,,78,70,61,50,61,100,32.5,ものひろい,くいしんぼう,はやあし,
265,ケムッソ,むし,,45,45,35,20,30,20,3.6,りんぷん,,にげあし,
266,カラサリス,むし,,50,35,55,25,25,15,10,だっぴ,,,
267,アゲハント,むし,ひこう,60,70,50,100,50,65,28.4,むしのしらせ,,とうそうしん,
268,マユルド,むし,,50,35,55,25,25,15,11.5,だっぴ,,,
269,ドクケイル,むし,どく,60,50,70,50,90,65,31.6,りんぷん,,ふくがん,
270,ハスボー,みず,くさ,40,30,30,40,50,30,2.6,すいすい,あめうけざら,マイペース,
271,ハスブレロ,みず,くさ,60,50,50,60,70,50,32.5,すいすい,あめうけざら,マイペース,
272,ルンパッパ,みず,くさ,80,70,70,90,100,70,55,すいすい,あめうけざら,マイペース,
273,タネボー,くさ,,40,40,50,30,30,30,4,ようりょくそ,はやおき,わるいてぐせ,
274,コノハナ,くさ,あく,70,70,40,60,40,60,28,ようりょくそ,はやおき,わるいてぐせ,
275,ダーテング,くさ,あく,90,100,60,90,60,80,59.6,ようりょくそ,かぜのり,わるいてぐせ,
276,スバメ,ノーマル,ひこう,40,55,30,30,30,85,2.3,こんじょう,,きもったま,
277,オオスバメ,ノーマル,ひこう,60,85,60,75,50,125,19.8,こんじょう,,きもったま,
278,キャモメ,みず,ひこう,40,30,30,55,30,85,9.5,するどいめ,うるおいボディ,あめうけざら,
279,ペリッパー,みず,ひこう,60,50,100,95,70,65,28,するどいめ,あめふらし,あめうけざら,TRUE
280,ラルトス,エスパー,フェアリー,28,25,25,45,35,40,6.6,シンクロ,トレース,テレパシー,
281,キルリア,エスパー,フェアリー,38,35,35,65,55,50,20.2,シンクロ,トレース,テレパシー,
282,サーナイト,エスパー,フェアリー,68,65,65,125,115,80,48.4,シンクロ,トレース,テレパシー,TRUE
282,メガサーナイト,エスパー,フェアリー,68,85,65,165,135,100,48.4,フェアリースキン,,,TRUE
283,アメタマ,むし,みず,40,30,32,50,52,65,1.7,すいすい,,あめうけざら,
284,アメモース,むし,ひこう,70,60,62,100,82,80,3.6,いかく,,きんちょうかん,
285,キノココ,くさ,,60,40,60,40,60,35,4.5,ほうし,ポイズンヒール,はやあし,
286,キノガッサ,くさ,かくとう,60,130,80,60,60,70,39.2,ほうし,ポイズンヒール,テクニシャン,
287,ナマケロ,ノーマル,,60,60,60,35,35,30,24,なまけ,,,
288,ヤルキモノ,ノーマル,,80,80,80,55,55,90,46.5,やるき,,,
289,ケッキング,ノーマル,,150,160,100,95,65,100,130.5,なまけ,,,
290,ツチニン,むし,じめん,31,45,90,30,30,40,5.5,ふくがん,,にげあし,
291,テッカニン,むし,ひこう,61,90,45,50,50,160,12,かそく,,すりぬけ,
292,ヌケニン,むし,ゴースト,1,90,45,30,30,40,1.2,ふしぎなまもり,,,
293,ゴニョニョ,ノーマル,,64,51,23,51,23,28,16.3,ぼうおん,,びびり,
294,ドゴーム,ノーマル,,84,71,43,71,43,48,40.5,ぼうおん,,きもったま,
295,バクオング,ノーマル,,104,91,63,91,73,68,84,ぼうおん,,きもったま,
296,マクノシタ,かくとう,,72,60,30,20,30,25,86.4,あついしぼう,こんじょう,ちからずく,
297,ハリテヤマ,かくとう,,144,120,60,40,60,50,253.8,あついしぼう,こんじょう,ちからずく,
298,ルリリ,ノーマル,フェアリー,50,20,40,20,40,20,2,あついしぼう,ちからもち,そうしょく,
299,ノズパス,いわ,,30,45,135,45,90,30,97,がんじょう,じりょく,すなのちから,
300,エネコ,ノーマル,,50,45,45,35,35,50,11,メロメロボディ,ノーマルスキン,ミラクルスキン,
301,エネコロロ,ノーマル,,70,65,65,55,55,90,32.6,メロメロボディ,ノーマルスキン,ミラクルスキン,
302,ヤミラミ,あく,ゴースト,50,75,75,65,65,50,11,するどいめ,あとだし,いたずらごころ,TRUE
302,メガヤミラミ,あく,ゴースト,50,85,125,85,115,20,161,マジックミラー,,,TRUE
303,クチート,はがね,フェアリー,50,85,85,55,55,50,11.5,かいりきバサミ,いかく,ちからずく,TRUE
303,メガクチート,はがね,フェアリー,50,105,125,55,95,50,23.5,ちからもち,,,TRUE
304,ココドラ,はがね,いわ,50,70,100,40,40,30,60,がんじょう,いしあたま,ヘヴィメタル,
305,コドラ,はがね,いわ,60,90,140,50,50,40,120,がんじょう,いしあたま,ヘヴィメタル,
306,ボスゴドラ,はがね,いわ,70,110,180,60,60,50,360,がんじょう,いしあたま,ヘヴィメタル,TRUE
306,メガボスゴドラ,はがね,いわ,70,140,230,60,80,50,395,フィルター,,,TRUE
307,アサナン,かくとう,エスパー,30,40,55,40,55,60,11.2,ヨガパワー,,テレパシー,
308,チャーレム,かくとう,エスパー,60,60,75,60,75,80,31.5,ヨガパワー,,テレパシー,TRUE
308,メガチャーレム,かくとう,エスパー,60,100,85,80,85,100,31.5,ヨガパワー,,,TRUE
309,ラクライ,でんき,,40,45,40,65,40,65,15.2,せいでんき,ひらいしん,マイナス,
310,ライボルト,でんき,,70,75,60,105,60,105,40.2,せいでんき,ひらいしん,マイナス,TRUE
310,メガライボルト,でんき,,70,75,80,135,80,135,44,いかく,,,TRUE
311,プラスル,でんき,,60,50,40,85,75,95,4.2,プラス,,ひらいしん,
312,マイナン,でんき,,60,40,50,75,85,95,4.2,マイナス,,ちくでん,
313,バルビート,むし,,65,73,75,47,85,85,17.7,はっこう,むしのしらせ,いたずらごころ,
314,イルミーゼ,むし,,65,47,75,73,85,85,17.7,どんかん,いろめがね,いたずらごころ,
315,ロゼリア,くさ,どく,50,60,45,100,80,65,2,しぜんかいふく,どくのトゲ,リーフガード,
316,ゴクリン,どく,,70,43,53,43,53,40,10.3,ヘドロえき,ねんちゃく,くいしんぼう,
317,マルノーム,どく,,100,73,83,73,83,55,80,ヘドロえき,ねんちゃく,くいしんぼう,TRUE
318,キバニア,みず,あく,45,90,20,65,20,65,20.8,さめはだ,,かそく,
319,サメハダー,みず,あく,70,120,40,95,40,95,88.8,さめはだ,,かそく,TRUE
319,メガサメハダー,みず,あく,70,140,70,110,65,105,130.3,がんじょうあご,,,TRUE
320,ホエルコ,みず,,130,70,35,70,35,60,130,みずのベール,どんかん,プレッシャー,
321,ホエルオー,みず,,170,90,45,90,45,60,398,みずのベール,どんかん,プレッシャー,
322,ドンメル,ほのお,じめん,60,60,40,65,45,35,24,どんかん,たんじゅん,マイペース,
323,バクーダ,ほのお,じめん,70,100,70,105,75,40,220,マグマのよろい,ハードロック,いかりのつぼ,TRUE
323,メガバクーダ,ほのお,じめん,70,120,100,145,105,20,320.5,ちからずく,,,TRUE
324,コータス,ほのお,,70,85,140,85,70,20,80.4,しろいけむり,ひでり,シェルアーマー,TRUE
325,バネブー,エスパー,,60,25,35,70,80,60,30.6,あついしぼう,マイペース,くいしんぼう,
326,ブーピッグ,エスパー,,80,45,65,90,110,80,71.5,あついしぼう,マイペース,くいしんぼう,
327,パッチール,ノーマル,,60,60,60,60,60,60,5,マイペース,ちどりあし,あまのじゃく,
328,ナックラー,じめん,,45,100,45,45,45,10,15,かいりきバサミ,ありじごく,ちからずく,
329,ビブラーバ,じめん,ドラゴン,50,70,50,50,50,70,15.3,ふゆう,,,
330,フライゴン,じめん,ドラゴン,80,100,80,80,80,100,82,ふゆう,,,
331,サボネア,くさ,,50,85,40,85,40,35,51.3,すながくれ,,ちょすい,
332,ノクタス,くさ,あく,70,115,60,115,60,55,77.4,すながくれ,,ちょすい,
333,チルット,ノーマル,ひこう,45,40,60,40,75,50,1.2,しぜんかいふく,,ノーてんき,
334,チルタリス,ドラゴン,ひこう,75,70,90,70,105,80,20.6,しぜんかいふく,,ノーてんき,TRUE
334,メガチルタリス,ドラゴン,フェアリー,75,110,110,110,105,80,20.6,フェアリースキン,,,TRUE
335,ザングース,ノーマル,,73,115,60,60,60,90,40.3,めんえき,,どくぼうそう,
336,ハブネーク,どく,,73,100,60,100,60,65,52.5,だっぴ,,すりぬけ,
337,ルナトーン,いわ,エスパー,90,55,65,95,85,70,168,ふゆう,,,
338,ソルロック,いわ,エスパー,90,95,85,55,65,70,154,ふゆう,,,
339,ドジョッチ,みず,じめん,50,48,43,46,41,60,1.9,どんかん,きけんよち,うるおいボディ,
340,ナマズン,みず,じめん,110,78,73,76,71,60,23.6,どんかん,きけんよち,うるおいボディ,
341,ヘイガニ,みず,,43,80,65,50,35,35,11.5,かいりきバサミ,シェルアーマー,てきおうりょく,
342,シザリガー,みず,あく,63,120,85,90,55,55,32.8,かいりきバサミ,シェルアーマー,てきおうりょく,
343,ヤジロン,じめん,エスパー,40,40,55,40,70,55,21.5,ふゆう,,,
344,ネンドール,じめん,エスパー,60,70,105,70,120,75,108,ふゆう,,,
345,リリーラ,いわ,くさ,66,41,77,61,87,23,23.8,きゅうばん,,よびみず,
346,ユレイドル,いわ,くさ,86,81,97,81,107,43,60.4,きゅうばん,,よびみず,
347,アノプス,いわ,むし,45,95,50,40,50,75,12.5,カブトアーマー,,すいすい,
348,アーマルド,いわ,むし,75,125,100,70,80,45,68.2,カブトアーマー,,すいすい,
349,ヒンバス,みず,,20,15,20,10,55,80,7.4,すいすい,どんかん,てきおうりょく,
350,ミロカロス,みず,,95,60,79,100,125,81,162,ふしぎなうろこ,かちき,メロメロボディ,TRUE
351,ポワルン,こおり,,70,70,70,70,70,70,0.8,てんきや,,,TRUE
352,カクレオン,ノーマル,,60,90,70,60,120,40,22,へんしょく,,へんげんじざい,
353,カゲボウズ,ゴースト,,44,75,35,63,33,45,2.3,ふみん,おみとおし,のろわれボディ,
354,ジュペッタ,ゴースト,,64,115,65,83,63,65,12.5,ふみん,おみとおし,のろわれボディ,TRUE
354,メガジュペッタ,ゴースト,,64,165,75,93,83,75,13,いたずらごころ,,,TRUE
355,ヨマワル,ゴースト,,20,40,90,30,90,25,15,ふゆう,,おみとおし,
356,サマヨール,ゴースト,,40,70,130,60,130,25,30.6,プレッシャー,,おみとおし,
357,トロピウス,くさ,ひこう,99,68,83,72,87,51,100,ようりょくそ,サンパワー,しゅうかく,
358,チリーン,エスパー,,75,50,80,95,90,65,1,ふゆう,,,TRUE
358,メガチリーン,エスパー,はがね,75,50,110,135,120,65,8,ふゆう,,,TRUE
359,アブソル,あく,,65,130,60,75,60,75,47,プレッシャー,きょううん,せいぎのこころ,TRUE
359,メガアブソル,あく,,65,150,60,115,60,115,49,マジックミラー,,,TRUE
359,メガアブソルZ,あく,ゴースト,65,154,60,75,60,151,49,きれあじ,,,TRUE
360,ソーナノ,エスパー,,95,23,48,23,48,23,14,かげふみ,,テレパシー,
361,ユキワラシ,こおり,,50,50,50,50,50,50,16.8,せいしんりょく,アイスボディ,ムラっけ,
362,オニゴーリ,こおり,,80,80,80,80,80,80,256.5,せいしんりょく,アイスボディ,ムラっけ,TRUE
362,メガオニゴーリ,こおり,,80,120,80,120,80,100,350.2,フリーズスキン,,,TRUE
363,タマザラシ,こおり,みず,70,40,50,55,50,25,39.5,あついしぼう,アイスボディ,どんかん,
364,トドグラー,こおり,みず,90,60,70,75,70,45,87.6,あついしぼう,アイスボディ,どんかん,
365,トドゼルガ,こおり,みず,110,80,90,95,90,65,150.6,あついしぼう,アイスボディ,どんかん,
366,パールル,みず,,35,64,85,74,55,32,52.5,シェルアーマー,,びびり,
367,ハンテール,みず,,55,104,105,94,75,52,27,すいすい,,みずのベール,
368,サクラビス,みず,,55,84,105,114,75,52,22.6,すいすい,,うるおいボディ,
369,ジーランス,みず,いわ,100,90,130,45,65,55,23.4,すいすい,いしあたま,がんじょう,
370,ラブカス,みず,,43,30,55,40,65,97,8.7,すいすい,,うるおいボディ,
371,タツベイ,ドラゴン,,45,75,60,40,30,50,42.1,いしあたま,,ちからずく,
372,コモルー,ドラゴン,,65,95,100,60,50,50,110.5,いしあたま,,ぼうじん,
373,ボーマンダ,ドラゴン,ひこう,95,135,80,110,80,100,102.6,いかく,,じしんかじょう,TRUE
373,メガボーマンダ,ドラゴン,ひこう,95,145,130,120,90,120,112.6,スカイスキン,,,TRUE
374,ダンバル,はがね,エスパー,40,55,80,35,60,30,95.2,クリアボディ,,ライトメタル,
375,メタング,はがね,エスパー,60,75,100,55,80,50,202.5,クリアボディ,,ライトメタル,
376,メタグロス,はがね,エスパー,80,135,130,95,90,70,550,クリアボディ,,ライトメタル,TRUE
376,メガメタグロス,はがね,エスパー,80,145,150,105,110,110,942.9,かたいツメ,,,TRUE
377,レジロック,いわ,,80,100,200,50,100,50,230,クリアボディ,,がんじょう,
378,レジアイス,こおり,,80,50,100,100,200,50,175,クリアボディ,,アイスボディ,
379,レジスチル,はがね,,80,75,150,75,150,50,205,クリアボディ,,ライトメタル,
380,ラティアス,ドラゴン,エスパー,80,80,90,110,130,110,40,ふゆう,,,
380,メガラティアス,ドラゴン,エスパー,80,100,120,140,150,110,52,ふゆう,,,
381,ラティオス,ドラゴン,エスパー,80,90,80,130,110,110,60,ふゆう,,,
381,メガラティオス,ドラゴン,エスパー,80,130,100,160,120,110,70,ふゆう,,,
382,カイオーガ,みず,,100,100,90,150,140,90,352,あめふらし,,,
382,ゲンシカイオーガ,みず,,100,150,90,180,160,90,430,はじまりのうみ,,,
383,グラードン,じめん,,100,150,140,100,90,90,950,ひでり,,,
383,ゲンシグラードン,じめん,ほのお,100,180,160,150,90,90,999.7,おわりのだいち,,,
384,レックウザ,ドラゴン,ひこう,105,150,90,150,90,95,206.5,エアロック,,,
384,メガレックウザ,ドラゴン,ひこう,105,180,100,180,100,115,392,デルタストリーム,,,
385,ジラーチ,はがね,エスパー,100,100,100,100,100,100,1.1,てんのめぐみ,,,
386,デオキシスN,エスパー,,50,150,50,150,50,150,60.8,プレッシャー,,,
386,デオキシスA,エスパー,,50,180,20,180,20,150,60.8,プレッシャー,,,
386,デオキシスD,エスパー,,50,70,160,70,160,90,60.8,プレッシャー,,,
386,デオキシスS,エスパー,,50,95,90,95,90,180,60.8,プレッシャー,,,
387,ナエトル,くさ,,55,68,64,45,55,31,10.2,しんりょく,,シェルアーマー,
388,ハヤシガメ,くさ,,75,89,85,55,65,36,97,しんりょく,,シェルアーマー,
389,ドダイトス,くさ,じめん,95,109,105,75,85,56,310,しんりょく,,シェルアーマー,TRUE
390,ヒコザル,ほのお,,44,58,44,58,44,61,6.2,もうか,,てつのこぶし,
391,モウカザル,ほのお,かくとう,64,78,52,78,52,81,22,もうか,,てつのこぶし,
392,ゴウカザル,ほのお,かくとう,76,104,71,104,71,108,55,もうか,,てつのこぶし,TRUE
393,ポッチャマ,みず,,53,51,53,61,56,40,5.2,げきりゅう,,かちき,
394,ポッタイシ,みず,,64,66,68,81,76,50,23,げきりゅう,,かちき,
395,エンペルト,みず,はがね,84,86,88,111,101,60,84.5,げきりゅう,,かちき,TRUE
396,ムックル,ノーマル,ひこう,40,55,30,30,30,60,2,するどいめ,,すてみ,
397,ムクバード,ノーマル,ひこう,55,75,50,40,40,80,15.5,いかく,,すてみ,
398,ムクホーク,ノーマル,ひこう,85,120,70,50,60,100,24.9,いかく,,すてみ,TRUE
398,メガムクホーク,かくとう,ひこう,85,140,100,60,90,110,50,あまのじゃく,,,TRUE
399,ビッパ,ノーマル,,59,45,40,35,40,31,20,たんじゅん,てんねん,ムラっけ,
400,ビーダル,ノーマル,みず,79,85,60,55,60,71,31.5,たんじゅん,てんねん,ムラっけ,
401,コロボーシ,むし,,37,25,41,25,41,25,2.2,だっぴ,,にげあし,
402,コロトック,むし,,77,85,51,55,51,65,25.5,むしのしらせ,,テクニシャン,
403,コリンク,でんき,,45,65,34,40,34,45,9.5,とうそうしん,いかく,こんじょう,
404,ルクシオ,でんき,,60,85,49,60,49,60,30.5,とうそうしん,いかく,こんじょう,
405,レントラー,でんき,,80,120,79,95,79,70,42,とうそうしん,いかく,こんじょう,TRUE
406,スボミー,くさ,どく,40,30,35,50,70,55,1.2,しぜんかいふく,どくのトゲ,リーフガード,
407,ロズレイド,くさ,どく,60,70,65,125,105,90,14.5,しぜんかいふく,どくのトゲ,テクニシャン,TRUE
408,ズガイドス,いわ,,67,125,40,30,30,58,31.5,かたやぶり,,ちからずく,
409,ラムパルド,いわ,,97,165,60,65,50,58,102.5,かたやぶり,,ちからずく,TRUE
410,タテトプス,いわ,はがね,30,42,118,42,88,30,57,がんじょう,,ぼうおん,
411,トリデプス,いわ,はがね,60,52,168,47,138,30,149.5,がんじょう,,ぼうおん,TRUE
412,ミノムッチ,むし,,40,29,45,29,45,36,3.4,だっぴ,,ぼうじん,
413,ミノマダム草,むし,くさ,60,59,85,79,105,36,6.5,きけんよち,,ぼうじん,
413,ミノマダム鋼,むし,はがね,60,59,85,79,105,36,6.5,きけんよち,,ぼうじん,
413,ミノマダム地面,むし,じめん,60,59,85,79,105,36,6.5,きけんよち,,ぼうじん,
414,ガーメイル,むし,ひこう,70,94,50,94,50,66,23.3,むしのしらせ,,いろめがね,
415,ミツハニー,むし,ひこう,30,30,42,30,42,70,5.5,みつあつめ,,はりきり,
416,ビークイン,むし,ひこう,70,80,102,80,102,40,38.5,プレッシャー,,きんちょうかん,
417,パチリス,でんき,,60,45,70,45,90,95,3.9,にげあし,ものひろい,ちくでん,
418,ブイゼル,みず,,55,65,35,60,30,85,29.5,すいすい,,みずのベール,
419,フローゼル,みず,,85,105,55,85,50,115,33.5,すいすい,,みずのベール,
420,チェリンボ,くさ,,45,35,45,62,53,35,3.3,ようりょくそ,,,
421,チェリム,くさ,,70,60,70,87,78,85,9.3,フラワーギフト,,,
422,カラナクシ,みず,,76,48,48,57,62,34,6.3,ねんちゃく,よびみず,すなのちから,
423,トリトドン,みず,じめん,111,83,68,92,82,39,29.9,ねんちゃく,よびみず,すなのちから,
424,エテボース,ノーマル,,75,100,66,60,66,115,20.3,テクニシャン,ものひろい,スキルリンク,
425,フワンテ,ゴースト,ひこう,90,50,34,60,44,70,1.2,ゆうばく,かるわざ,ねつぼうそう,
426,フワライド,ゴースト,ひこう,150,80,44,90,54,80,15,ゆうばく,かるわざ,ねつぼうそう,
427,ミミロル,ノーマル,,55,66,44,44,56,85,5.5,にげあし,ぶきよう,じゅうなん,
428,ミミロップ,ノーマル,,65,76,84,54,96,105,33.3,メロメロボディ,ぶきよう,じゅうなん,TRUE
428,メガミミロップ,ノーマル,かくとう,65,136,94,54,96,135,28.3,きもったま,,,TRUE
429,ムウマージ,ゴースト,,60,60,60,105,105,105,4.4,ふゆう,,,
430,ドンカラス,あく,ひこう,100,125,52,105,52,71,27.3,ふみん,きょううん,じしんかじょう,
431,ニャルマー,ノーマル,,49,55,42,42,37,85,3.9,じゅうなん,マイペース,するどいめ,
432,ブニャット,ノーマル,,71,82,64,64,59,112,43.8,あついしぼう,マイペース,まけんき,
433,リーシャン,エスパー,,45,30,50,65,50,45,0.6,ふゆう,,,
434,スカンプー,どく,あく,63,63,47,41,41,74,19.2,あくしゅう,ゆうばく,するどいめ,
435,スカタンク,どく,あく,103,93,67,71,61,84,38,あくしゅう,ゆうばく,するどいめ,
436,ドーミラー,はがね,エスパー,57,24,86,24,86,23,60.5,ふゆう,たいねつ,ヘヴィメタル,
437,ドータクン,はがね,エスパー,67,89,116,79,116,33,187,ふゆう,たいねつ,ヘヴィメタル,
438,ウソハチ,いわ,,50,80,95,10,45,10,15,がんじょう,いしあたま,びびり,
439,マネネ,エスパー,フェアリー,20,25,45,70,90,60,13,ぼうおん,フィルター,テクニシャン,
440,ピンプク,ノーマル,,100,5,5,15,65,30,24.4,しぜんかいふく,てんのめぐみ,フレンドガード,
441,ペラップ,ノーマル,ひこう,76,65,45,92,42,91,1.9,するどいめ,ちどりあし,はとむね,
442,ミカルゲ,ゴースト,あく,50,92,108,92,108,35,108,プレッシャー,,すりぬけ,TRUE
443,フカマル,ドラゴン,じめん,58,70,45,40,45,42,20.5,すながくれ,,さめはだ,
444,ガバイト,ドラゴン,じめん,68,90,65,50,55,82,56,すながくれ,,さめはだ,
445,ガブリアス,ドラゴン,じめん,108,130,95,80,85,102,95,すながくれ,,さめはだ,TRUE
445,メガガブリアス,ドラゴン,じめん,108,170,115,120,95,92,95,すなのちから,,,TRUE
445,メガガブリアスZ,ドラゴン,,108,130,85,141,85,151,99,ふゆう,,,TRUE
446,ゴンベ,ノーマル,,135,85,40,40,85,5,105,ものひろい,あついしぼう,くいしんぼう,
447,リオル,かくとう,,40,70,40,35,40,60,20.2,ふくつのこころ,せいしんりょく,いたずらごころ,
448,ルカリオ,かくとう,はがね,70,110,70,115,70,90,54,ふくつのこころ,せいしんりょく,せいぎのこころ,TRUE
448,メガルカリオ,かくとう,はがね,70,145,88,140,70,112,57.5,てきおうりょく,,,TRUE
448,メガルカリオZ,かくとう,はがね,70,100,70,164,70,151,49.4,はどうのぼうご,,,
449,ヒポポタス,じめん,,68,72,78,38,42,32,49.5,すなおこし,,すなのちから,
450,カバルドン,じめん,,108,112,118,68,72,47,300,すなおこし,,すなのちから,TRUE
451,スコルピ,どく,むし,40,50,90,30,55,65,12,カブトアーマー,スナイパー,するどいめ,
452,ドラピオン,どく,あく,70,90,110,60,75,95,61.5,カブトアーマー,スナイパー,するどいめ,
453,グレッグル,どく,かくとう,48,61,40,61,40,50,23,きけんよち,かんそうはだ,どくしゅ,
454,ドクロッグ,どく,かくとう,83,106,65,86,65,85,44.4,きけんよち,かんそうはだ,どくしゅ,TRUE
455,マスキッパ,くさ,,74,100,72,90,72,46,27,ふゆう,,,
456,ケイコウオ,みず,,49,49,56,49,61,66,7,すいすい,よびみず,みずのベール,
457,ネオラント,みず,,69,69,76,69,86,91,24,すいすい,よびみず,みずのベール,
458,タマンタ,みず,ひこう,45,20,50,60,120,50,65,すいすい,ちょすい,みずのベール,
459,ユキカブリ,くさ,こおり,60,62,50,62,60,40,50.5,ゆきふらし,,ぼうおん,
460,ユキノオー,くさ,こおり,90,92,75,92,85,60,135.5,ゆきふらし,,ぼうおん,TRUE
460,メガユキノオー,くさ,こおり,90,132,105,132,105,30,185,ゆきふらし,,,TRUE
461,マニューラ,あく,こおり,70,120,65,45,85,125,34,プレッシャー,,わるいてぐせ,TRUE
462,ジバコイル,でんき,はがね,70,70,115,130,90,60,180,じりょく,がんじょう,アナライズ,
463,ベロベルト,ノーマル,,110,85,95,80,95,50,140,マイペース,どんかん,ノーてんき,
464,ドサイドン,じめん,いわ,115,140,130,55,55,40,282.8,ひらいしん,ハードロック,すてみ,TRUE
465,モジャンボ,くさ,,100,100,125,110,50,50,128.6,ようりょくそ,リーフガード,さいせいりょく,
466,エレキブル,でんき,,75,123,67,95,85,95,138.6,でんきエンジン,,やるき,
467,ブーバーン,ほのお,,75,95,67,125,95,83,68,ほのおのからだ,,やるき,
468,トゲキッス,フェアリー,ひこう,85,50,95,120,115,80,38,はりきり,てんのめぐみ,きょううん,
469,メガヤンマ,むし,ひこう,86,76,86,116,56,95,51.5,かそく,いろめがね,おみとおし,
470,リーフィア,くさ,,65,110,130,60,65,95,25.5,リーフガード,,ようりょくそ,TRUE
471,グレイシア,こおり,,65,60,110,130,95,65,25.9,ゆきがくれ,,アイスボディ,TRUE
472,グライオン,じめん,ひこう,75,95,125,45,75,95,42.5,かいりきバサミ,すながくれ,ポイズンヒール,TRUE
473,マンムー,こおり,じめん,110,130,80,70,60,80,291,どんかん,ゆきがくれ,あついしぼう,TRUE
474,ポリゴンＺ,ノーマル,,85,80,70,135,75,90,34,てきおうりょく,ダウンロード,アナライズ,
475,エルレイド,エスパー,かくとう,68,125,65,65,115,80,52,ふくつのこころ,きれあじ,せいぎのこころ,TRUE
475,メガエルレイド,エスパー,かくとう,68,165,95,65,115,110,56.4,せいしんりょく,,,TRUE
476,ダイノーズ,いわ,はがね,60,55,145,75,150,40,340,がんじょう,じりょく,すなのちから,
477,ヨノワール,ゴースト,,45,100,135,65,135,45,106.6,プレッシャー,,おみとおし,
478,ユキメノコ,こおり,ゴースト,70,80,70,80,70,110,26.6,ゆきがくれ,,のろわれボディ,TRUE
478,メガユキメノコ,こおり,ゴースト,70,80,70,140,100,120,29.6,ゆきふらし,,,TRUE
479,ロトム,でんき,ゴースト,50,50,77,95,77,91,0.3,ふゆう,,,TRUE
479,ロトム炎,でんき,ほのお,50,65,107,105,107,86,0.3,ふゆう,,,TRUE
479,ロトム水,でんき,みず,50,65,107,105,107,86,0.3,ふゆう,,,TRUE
479,ロトム氷,でんき,こおり,50,65,107,105,107,86,0.3,ふゆう,,,TRUE
479,ロトム飛,でんき,ひこう,50,65,107,105,107,86,0.3,ふゆう,,,TRUE
479,ロトム草,でんき,くさ,50,65,107,105,107,86,0.3,ふゆう,,,TRUE
480,ユクシー,エスパー,,75,75,130,75,130,95,0.3,ふゆう,,,
481,エムリット,エスパー,,80,105,105,105,105,80,0.3,ふゆう,,,
482,アグノム,エスパー,,75,125,70,125,70,115,0.3,ふゆう,,,
483,ディアルガ,はがね,ドラゴン,100,120,120,150,100,90,683,プレッシャー,,テレパシー,
484,パルキア,みず,ドラゴン,90,120,100,150,120,100,336,プレッシャー,,テレパシー,
485,ヒードラン,ほのお,はがね,91,90,106,130,106,77,430,もらいび,,ほのおのからだ,
485,メガヒードラン,ほのお,はがね,91,120,106,175,141,67,570,,,,
486,レジギガス,ノーマル,,110,160,110,80,110,100,420,スロースタート,,,
486,ギラティナA,ゴースト,ドラゴン,150,100,120,100,120,90,750,プレッシャー,,テレパシー,
487,ギラティナO,ゴースト,ドラゴン,150,120,100,120,100,90,650,ふゆう,,,
488,クレセリア,エスパー,,120,70,110,75,120,85,85.6,ふゆう,,,
489,フィオネ,みず,,80,80,80,80,80,80,3.1,うるおいボディ,,,
490,マナフィ,みず,,100,100,100,100,100,100,1.4,うるおいボディ,,,
491,ダークライ,あく,,70,90,90,135,90,125,50.5,ナイトメア,,,
491,メガダークライ,あく,,70,120,130,165,130,85,240,,,,
492,シェイミL,くさ,,100,100,100,100,100,100,2.1,しぜんかいふく,,,
492,シェイミS,くさ,ひこう,100,103,75,120,75,127,5.2,てんのめぐみ,,,
493,アルセウス,ノーマル,,120,120,120,120,120,120,320,マルチタイプ,,,
493,アルセウスくさ,くさ,,120,120,120,120,120,120,320,マルチタイプ,,,
493,アルセウスほのお,ほのお,,120,120,120,120,120,120,320,マルチタイプ,,,
493,アルセウスみず,みず,,120,120,120,120,120,120,320,マルチタイプ,,,
493,アルセウスむし,むし,,120,120,120,120,120,120,320,マルチタイプ,,,
493,アルセウスノーマル,ノーマル,,120,120,120,120,120,120,320,マルチタイプ,,,
493,アルセウスあく,あく,,120,120,120,120,120,120,320,マルチタイプ,,,
493,アルセウスどく,どく,,120,120,120,120,120,120,320,マルチタイプ,,,
493,アルセウスでんき,でんき,,120,120,120,120,120,120,320,マルチタイプ,,,
493,アルセウスこおり,こおり,,120,120,120,120,120,120,320,マルチタイプ,,,
493,アルセウスフェアリー,フェアリー,,120,120,120,120,120,120,320,マルチタイプ,,,
493,アルセウスじめん,じめん,,120,120,120,120,120,120,320,マルチタイプ,,,
493,アルセウスかくとう,かくとう,,120,120,120,120,120,120,320,マルチタイプ,,,
493,アルセウスエスパー,エスパー,,120,120,120,120,120,120,320,マルチタイプ,,,
493,アルセウスいわ,いわ,,120,120,120,120,120,120,320,マルチタイプ,,,
493,アルセウスゴースト,ゴースト,,120,120,120,120,120,120,320,マルチタイプ,,,
493,アルセウスドラゴン,ドラゴン,,120,120,120,120,120,120,320,マルチタイプ,,,
493,アルセウスはがね,はがね,,120,120,120,120,120,120,320,マルチタイプ,,,
493,アルセウスひこう,ひこう,,120,120,120,120,120,120,320,マルチタイプ,,,
494,ビクティニ,エスパー,ほのお,100,100,100,100,100,100,4,しょうりのほし,,,
495,ツタージャ,くさ,,45,45,55,45,55,63,8.1,しんりょく,,あまのじゃく,
496,ジャノビー,くさ,,60,60,75,60,75,83,16,しんりょく,,あまのじゃく,
497,ジャローダ,くさ,,75,75,95,75,95,113,63,しんりょく,,あまのじゃく,TRUE
498,ポカブ,ほのお,,65,63,45,45,45,45,9.9,もうか,,あついしぼう,
499,チャオブー,ほのお,かくとう,90,93,55,70,55,55,55.5,もうか,,あついしぼう,
500,エンブオー,ほのお,かくとう,110,123,65,100,65,65,150,もうか,,すてみ,TRUE
500,メガエンブオー,ほのお,かくとう,110,148,75,110,110,75,180.3,かたやぶり,,,TRUE
501,ミジュマル,みず,,55,55,45,63,45,45,5.9,げきりゅう,,シェルアーマー,
502,フタチマル,みず,,75,75,60,83,60,60,24.5,げきりゅう,,シェルアーマー,
503,ダイケンキ,みず,,95,100,85,108,70,70,94.6,げきりゅう,,シェルアーマー,TRUE
503,ダイケンキH,みず,あく,90,108,80,100,65,85,94.6,げきりゅう,,きれあじ,TRUE
504,ミネズミ,ノーマル,,45,55,39,35,39,42,11.6,にげあし,するどいめ,アナライズ,
505,ミルホッグ,ノーマル,,60,85,69,60,69,77,27,はっこう,するどいめ,アナライズ,TRUE
506,ヨーテリー,ノーマル,,45,60,45,25,45,55,4.1,やるき,ものひろい,にげあし,
507,ハーデリア,ノーマル,,65,80,65,35,65,60,14.7,いかく,すなかき,きもったま,
508,ムーランド,ノーマル,,85,110,90,45,90,80,61,いかく,すなかき,きもったま,
509,チョロネコ,あく,,41,50,37,50,37,66,10.1,じゅうなん,かるわざ,いたずらごころ,
510,レパルダス,あく,,64,88,50,88,50,106,37.5,じゅうなん,かるわざ,いたずらごころ,TRUE
511,ヤナップ,くさ,,50,53,48,53,48,64,10.5,くいしんぼう,,しんりょく,
512,ヤナッキー,くさ,,75,98,63,98,63,101,30.5,くいしんぼう,,しんりょく,TRUE
513,バオップ,ほのお,,50,53,48,53,48,64,11,くいしんぼう,,もうか,
514,バオッキー,ほのお,,75,98,63,98,63,101,28,くいしんぼう,,もうか,TRUE
515,ヒヤップ,みず,,50,53,48,53,48,64,13.5,くいしんぼう,,げきりゅう,
516,ヒヤッキー,みず,,75,98,63,98,63,101,29,くいしんぼう,,げきりゅう,TRUE
517,ムンナ,エスパー,,76,25,45,67,55,24,23.3,よちむ,シンクロ,テレパシー,
518,ムシャーナ,エスパー,,116,55,85,107,95,29,60.5,よちむ,シンクロ,テレパシー,TRUE
519,マメパト,ノーマル,ひこう,50,55,50,36,30,43,2.1,はとむね,きょううん,とうそうしん,
520,ハトーボー,ノーマル,ひこう,62,77,62,50,42,65,15,はとむね,きょううん,とうそうしん,
521,ケンホロウ,ノーマル,ひこう,80,115,80,65,55,93,29,はとむね,きょううん,とうそうしん,
522,シママ,でんき,,45,60,32,50,32,76,29.8,ひらいしん,でんきエンジン,そうしょく,
523,ゼブライカ,でんき,,75,100,63,80,63,116,79.5,ひらいしん,でんきエンジン,そうしょく,
524,ダンゴロ,いわ,,55,75,85,25,25,15,18,がんじょう,くだけるよろい,すなのちから,
525,ガントル,いわ,,70,105,105,50,40,20,102,がんじょう,くだけるよろい,すなのちから,
526,ギガイアス,いわ,,85,135,130,60,80,25,260,がんじょう,すなおこし,すなのちから,
527,コロモリ,エスパー,ひこう,65,45,43,55,43,72,2.1,てんねん,ぶきよう,たんじゅん,
528,ココロモリ,エスパー,ひこう,67,57,55,77,55,114,10.5,てんねん,ぶきよう,たんじゅん,
529,モグリュー,じめん,,60,85,40,30,45,68,8.5,すなかき,すなのちから,かたやぶり,
530,ドリュウズ,じめん,はがね,110,135,60,50,65,88,40.4,すなかき,すなのちから,かたやぶり,TRUE
530,メガドリュウズ,はがね,じめん,110,165,100,65,65,103,60,かんつうドリル,,,TRUE
531,タブンネ,ノーマル,,103,60,86,60,86,50,31,いやしのこころ,さいせいりょく,ぶきよう,TRUE
531,メガタブンネ,ノーマル,フェアリー,103,60,126,80,126,50,32,いやしのこころ,,,TRUE
532,ドッコラー,かくとう,,75,80,55,25,35,35,12.5,こんじょう,ちからずく,てつのこぶし,
533,ドテッコツ,かくとう,,85,105,85,40,50,40,40,こんじょう,ちからずく,てつのこぶし,
534,ローブシン,かくとう,,105,140,95,55,65,45,87,こんじょう,ちからずく,てつのこぶし,TRUE
535,オタマロ,みず,,50,50,40,50,40,64,4.5,すいすい,うるおいボディ,ちょすい,
536,ガマガル,みず,じめん,75,65,55,65,55,69,17,すいすい,うるおいボディ,ちょすい,
537,ガマゲロゲ,みず,じめん,105,95,75,85,75,74,62,すいすい,どくしゅ,ちょすい,
538,ナゲキ,かくとう,,120,100,85,30,85,45,55.5,こんじょう,せいしんりょく,かたやぶり,
539,ダゲキ,かくとう,,75,125,75,30,75,85,51,がんじょう,せいしんりょく,かたやぶり,
540,クルミル,むし,くさ,45,53,70,40,60,42,2.5,むしのしらせ,ようりょくそ,ぼうじん,
541,クルマユ,むし,くさ,55,63,90,50,80,42,7.3,リーフガード,ようりょくそ,ぼうじん,
542,ハハコモリ,むし,くさ,75,103,80,70,80,92,20.5,むしのしらせ,ようりょくそ,ぼうじん,
543,フシデ,むし,どく,30,45,59,30,39,57,5.3,どくのトゲ,むしのしらせ,かそく,
544,ホイーガ,むし,どく,40,55,99,40,79,47,58.5,どくのトゲ,むしのしらせ,かそく,
545,ペンドラー,むし,どく,60,100,89,55,69,112,200.5,どくのトゲ,むしのしらせ,かそく,TRUE
545,メガペンドラー,むし,どく,60,140,149,75,99,62,230.5,シェルアーマー,,,TRUE
546,モンメン,くさ,フェアリー,40,27,60,37,50,66,0.6,いたずらごころ,すりぬけ,ようりょくそ,
547,エルフーン,くさ,フェアリー,60,67,85,77,75,116,6.6,いたずらごころ,すりぬけ,ようりょくそ,TRUE
548,チュリネ,くさ,,45,35,50,70,50,30,6.6,ようりょくそ,マイペース,リーフガード,
549,ドレディア,くさ,,70,60,75,110,75,90,16.3,ようりょくそ,マイペース,リーフガード,
550,バスラオ,みず,,70,92,65,80,55,98,18,いしあたま,てきおうりょく,かたやぶり,
551,メグロコ,じめん,あく,50,72,35,35,35,65,15.2,いかく,じしんかじょう,いかりのつぼ,
552,ワルビル,じめん,あく,60,82,45,45,45,74,33.4,いかく,じしんかじょう,いかりのつぼ,
553,ワルビアル,じめん,あく,95,117,80,65,70,92,96.3,いかく,じしんかじょう,いかりのつぼ,TRUE
554,ダルマッカN,ほのお,,70,90,45,15,45,50,37.5,はりきり,,せいしんりょく,
554,ダルマッカG,こおり,,70,90,45,15,45,50,40,はりきり,,せいしんりょく,
555,ヒヒダルマN,ほのお,,105,140,55,30,55,95,40,ちからずく,,ダルマモード,
555,ヒヒダルマD,ほのお,エスパー,105,30,105,140,105,55,92.9,ダルマモード,,,
555,ヒヒダルマG,こおり,,105,140,55,30,55,95,120,ごりむちゅう,,ダルマモード,
556,マラカッチ,くさ,,75,86,67,106,67,60,28,ちょすい,ようりょくそ,よびみず,
557,イシズマイ,むし,いわ,50,65,85,35,35,55,14.5,がんじょう,シェルアーマー,くだけるよろい,
558,イワパレス,むし,いわ,70,105,125,65,75,45,200,がんじょう,シェルアーマー,くだけるよろい,
559,ズルッグ,あく,かくとう,50,75,70,35,70,48,11.8,だっぴ,じしんかじょう,いかく,
560,ズルズキン,あく,かくとう,65,90,115,45,115,58,30,だっぴ,じしんかじょう,いかく,TRUE
560,メガズルズキン,あく,かくとう,65,130,135,55,135,68,31,いかく,,,TRUE
561,シンボラー,エスパー,ひこう,72,58,80,103,80,97,14,ミラクルスキン,マジックガード,いろめがね,
562,デスマス,じめん,ゴースト,38,30,85,55,65,30,1.5,ミイラ,,,
563,デスカーン,ゴースト,,58,50,145,95,105,30,76.5,ミイラ,,,TRUE
564,プロトーガ,みず,いわ,54,78,103,53,45,22,16.5,ハードロック,がんじょう,すいすい,
565,アバゴーラ,みず,いわ,74,108,133,83,65,32,81,ハードロック,がんじょう,すいすい,
566,アーケン,いわ,ひこう,55,112,45,74,45,70,9.5,よわき,,,
567,アーケオス,いわ,ひこう,75,140,65,112,65,110,32,よわき,,,
568,ヤブクロン,どく,,50,50,62,40,62,65,31,あくしゅう,ねんちゃく,ゆうばく,
569,ダストダス,どく,,80,95,82,60,82,75,107.3,あくしゅう,くだけるよろい,ゆうばく,TRUE
570,ゾロア,あく,,40,65,40,80,40,65,12.5,イリュージョン,,,
570,ゾロアH,ノーマル,ゴースト,35,60,40,85,40,70,12.5,イリュージョン,,,
571,ゾロアーク,あく,,60,105,60,120,60,105,81.1,イリュージョン,,,TRUE
571,ゾロアークH,ノーマル,ゴースト,55,100,60,125,60,110,81.1,イリュージョン,,,TRUE
572,チラーミィ,ノーマル,,55,50,40,40,40,75,5.8,メロメロボディ,テクニシャン,スキルリンク,
573,チラチーノ,ノーマル,,75,95,60,65,60,115,7.5,メロメロボディ,テクニシャン,スキルリンク,
574,ゴチム,エスパー,,45,30,50,55,65,45,5.8,おみとおし,かちき,かげふみ,
575,ゴチミル,エスパー,,60,45,70,75,85,55,18,おみとおし,かちき,かげふみ,
576,ゴチルゼル,エスパー,,70,55,95,95,110,65,44,おみとおし,かちき,かげふみ,
577,ユニラン,エスパー,,45,30,40,105,50,20,1,ぼうじん,マジックガード,さいせいりょく,
578,ダブラン,エスパー,,65,40,50,125,60,30,8,ぼうじん,マジックガード,さいせいりょく,
579,ランクルス,エスパー,,110,65,75,125,85,30,20.1,ぼうじん,マジックガード,さいせいりょく,TRUE
580,コアルヒー,みず,ひこう,62,44,50,44,50,55,5.5,するどいめ,はとむね,うるおいボディ,
581,スワンナ,みず,ひこう,75,87,63,87,63,98,24.2,するどいめ,はとむね,うるおいボディ,
582,バニプッチ,こおり,,36,50,50,65,60,44,5.7,アイスボディ,ゆきがくれ,くだけるよろい,
583,バニリッチ,こおり,,51,65,65,80,75,59,41,アイスボディ,ゆきがくれ,くだけるよろい,
584,バイバニラ,こおり,,71,95,85,110,95,79,57.5,アイスボディ,ゆきふらし,くだけるよろい,TRUE
585,シキジカ,ノーマル,くさ,60,60,50,40,50,75,19.5,ようりょくそ,そうしょく,てんのめぐみ,
586,メブキジカ,ノーマル,くさ,80,100,70,60,70,95,92.5,ようりょくそ,そうしょく,てんのめぐみ,
587,エモンガ,でんき,ひこう,55,75,60,75,60,103,5,せいでんき,,でんきエンジン,TRUE
588,カブルモ,むし,,50,75,45,40,45,60,5.9,むしのしらせ,だっぴ,ノーガード,
589,シュバルゴ,むし,はがね,70,135,105,60,105,20,33,むしのしらせ,シェルアーマー,ぼうじん,
590,タマゲタケ,くさ,どく,69,55,45,55,55,15,1,ほうし,,さいせいりょく,
591,モロバレル,くさ,どく,114,85,70,85,80,30,10.5,ほうし,,さいせいりょく,
592,プルリル,みず,ゴースト,55,40,50,65,85,40,33,ちょすい,のろわれボディ,しめりけ,
593,ブルンゲル,みず,ゴースト,100,60,70,85,105,60,135,ちょすい,のろわれボディ,しめりけ,
594,ママンボウ,みず,,165,75,80,40,45,65,31.6,いやしのこころ,うるおいボディ,さいせいりょく,
595,バチュル,むし,でんき,50,47,50,57,50,65,0.6,ふくがん,きんちょうかん,むしのしらせ,
596,デンチュラ,むし,でんき,70,77,60,97,60,108,14.3,ふくがん,きんちょうかん,むしのしらせ,
597,テッシード,くさ,はがね,44,50,91,24,86,10,18.8,てつのトゲ,,,
598,ナットレイ,くさ,はがね,74,94,131,54,116,20,110,てつのトゲ,,きけんよち,
599,ギアル,はがね,,40,55,70,45,60,30,21,プラス,マイナス,クリアボディ,
600,ギギアル,はがね,,60,80,95,70,85,50,51,プラス,マイナス,クリアボディ,
601,ギギギアル,はがね,,60,100,115,70,85,90,81,プラス,マイナス,クリアボディ,
602,シビシラス,でんき,,35,55,40,45,40,60,0.3,ふゆう,,,
603,シビビール,でんき,,65,85,70,75,70,40,22,ふゆう,,,
604,シビルドン,でんき,,85,115,80,105,80,50,80.5,ふゆう,,,TRUE
604,メガシビルドン,でんき,,85,145,80,135,90,80,180,うなぎのぼり,,,TRUE
605,リグレー,エスパー,,55,55,55,85,55,30,9,テレパシー,シンクロ,アナライズ,
606,オーベム,エスパー,,75,75,75,125,95,40,34.5,テレパシー,シンクロ,アナライズ,
607,ヒトモシ,ゴースト,ほのお,50,30,55,65,55,20,3.1,もらいび,ほのおのからだ,すりぬけ,
608,ランプラー,ゴースト,ほのお,60,40,60,95,60,55,13,もらいび,ほのおのからだ,すりぬけ,
609,シャンデラ,ゴースト,ほのお,60,55,90,145,90,80,34.3,もらいび,ほのおのからだ,すりぬけ,TRUE
609,メガシャンデラ,ほのお,ゴースト,60,75,110,175,110,90,69.6,すりぬけ,,,TRUE
610,キバゴ,ドラゴン,,46,87,60,30,40,57,18,とうそうしん,かたやぶり,きんちょうかん,
611,オノンド,ドラゴン,,66,117,70,40,50,67,36,とうそうしん,かたやぶり,きんちょうかん,
612,オノノクス,ドラゴン,,76,147,90,60,70,97,105.5,とうそうしん,かたやぶり,きんちょうかん,
613,クマシュン,こおり,,55,70,40,60,40,40,8.5,ゆきがくれ,ゆきかき,びびり,
614,ツンベアー,こおり,,95,130,80,70,80,50,260,ゆきがくれ,ゆきかき,すいすい,TRUE
615,フリージオ,こおり,,80,50,50,95,135,105,148,ふゆう,,,
616,チョボマキ,むし,,50,40,85,40,65,25,7.7,うるおいボディ,シェルアーマー,ぼうじん,
617,アギルダー,むし,,80,70,40,100,60,145,25.3,うるおいボディ,ねんちゃく,かるわざ,
618,マッギョ,じめん,はがね,109,66,84,81,99,32,11,せいでんき,じゅうなん,すながくれ,TRUE
618,マッギョG,じめん,はがね,100,81,99,66,84,32,20.5,ぎたい,,,TRUE
619,コジョフー,かくとう,,45,85,50,55,50,65,20,せいしんりょく,さいせいりょく,すてみ,
620,コジョンド,かくとう,,65,125,60,95,60,105,35.5,せいしんりょく,さいせいりょく,すてみ,
621,クリムガン,ドラゴン,,77,120,90,60,90,48,139,さめはだ,ちからずく,かたやぶり,
622,ゴビット,じめん,ゴースト,59,74,50,35,50,35,92,てつのこぶし,ぶきよう,ノーガード,
623,ゴルーグ,じめん,ゴースト,89,124,80,55,80,55,330,てつのこぶし,ぶきよう,ノーガード,TRUE
623,メガゴルーグ,ゴースト,じめん,89,159,105,70,105,55,330,ふかしのこぶし,,,TRUE
624,コマタナ,あく,はがね,45,85,70,40,40,60,10.2,まけんき,せいしんりょく,プレッシャー,
625,キリキザン,あく,はがね,65,125,100,60,70,70,70,まけんき,せいしんりょく,プレッシャー,
626,バッフロン,ノーマル,,95,110,95,40,95,55,94.6,すてみ,そうしょく,ぼうおん,
627,ワシボン,ノーマル,ひこう,70,83,50,37,50,60,10.5,するどいめ,ちからずく,はりきり,
628,ウォーグル,ノーマル,ひこう,100,123,75,57,75,80,41,するどいめ,ちからずく,まけんき,
629,バルチャイ,あく,ひこう,70,55,75,45,65,60,9,はとむね,ぼうじん,くだけるよろい,
630,バルジーナ,あく,ひこう,110,65,105,55,95,80,39.5,はとむね,ぼうじん,くだけるよろい,
631,クイタラン,ほのお,,85,97,66,105,66,65,58,くいしんぼう,もらいび,しろいけむり,
632,アイアント,むし,はがね,58,109,112,48,48,109,33,むしのしらせ,はりきり,なまけ,
633,モノズ,あく,ドラゴン,52,65,50,45,50,38,17.3,はりきり,,,
634,ジヘッド,あく,ドラゴン,72,85,70,65,70,58,50,はりきり,,,
635,サザンドラ,あく,ドラゴン,92,105,90,125,90,98,160,ふゆう,,,TRUE
636,メラルバ,むし,ほのお,55,85,55,50,55,60,28.8,ほのおのからだ,,むしのしらせ,
637,ウルガモス,むし,ほのお,85,60,65,135,105,100,46,ほのおのからだ,,むしのしらせ,TRUE
638,コバルオン,はがね,かくとう,91,90,129,90,72,108,250,せいぎのこころ,,,
639,テラキオン,いわ,かくとう,91,129,90,72,90,108,260,せいぎのこころ,,,
640,ビリジオン,くさ,かくとう,91,90,72,90,129,108,200,せいぎのこころ,,,
641,トルネロス化,ひこう,,79,115,70,125,80,111,63,いたずらごころ,,まけんき,
641,トルネロス霊,ひこう,,79,100,80,110,90,121,63,さいせいりょく,,,
642,ボルトロス化,でんき,ひこう,79,115,70,125,80,111,61,いたずらごころ,,まけんき,
642,ボルトロス霊,でんき,ひこう,79,105,70,145,80,101,61,ちくでん,,,
643,レシラム,ドラゴン,ほのお,100,120,100,150,120,90,330,ターボブレイズ,,,
644,ゼクロム,ドラゴン,でんき,100,150,120,120,100,90,345,テラボルテージ,,,
645,ランドロス化,じめん,ひこう,89,125,90,115,80,101,68,すなのちから,,ちからずく,
645,ランドロス霊,じめん,ひこう,89,145,90,105,80,91,68,いかく,,,
646,キュレム,ドラゴン,こおり,125,130,90,130,90,95,325,プレッシャー,,,
646,キュレムW,ドラゴン,こおり,125,120,90,170,100,95,325,ターボブレイズ,,,
646,キュレムB,ドラゴン,こおり,125,170,100,120,90,95,325,テラボルテージ,,,
647,ケルディオいつも,みず,かくとう,91,72,90,129,90,108,48.5,せいぎのこころ,,,
647,ケルディオ覚悟,みず,かくとう,91,72,90,129,90,108,48.5,せいぎのこころ,,,
648,メロエッタV,エスパー,,100,77,77,128,128,90,6.5,てんのめぐみ,,,
648,メロエッタS,エスパー,かくとう,100,128,90,77,77,128,6.5,てんのめぐみ,,,
649,ゲノセクト,むし,はがね,71,120,95,120,95,99,82.5,ダウンロード,,,
650,ハリマロン,くさ,,56,61,65,48,45,38,9,しんりょく,,ぼうだん,
651,ハリボーグ,くさ,,61,78,95,56,58,57,29,しんりょく,,ぼうだん,
652,ブリガロン,くさ,かくとう,88,107,122,74,75,64,90,しんりょく,,ぼうだん,TRUE
652,メガブリガロン,くさ,かくとう,88,137,172,72,115,44,90,ぼうだん,,,TRUE
653,フォッコ,ほのお,,40,45,40,62,60,60,9.4,もうか,,マジシャン,
654,テールナー,ほのお,,59,59,58,90,70,73,14.5,もうか,,マジシャン,
655,マフォクシー,ほのお,エスパー,75,69,72,114,100,104,39,もうか,,マジシャン,TRUE
655,メガマフォクシー,ほのお,エスパー,75,69,72,159,125,134,39,ふゆう,,,TRUE
656,ケロマツ,みず,,41,56,40,62,44,71,7,げきりゅう,,へんげんじざい,
657,ゲコガシラ,みず,,54,63,52,83,56,97,10.9,げきりゅう,,へんげんじざい,
658,ゲッコウガ,みず,あく,72,95,67,103,71,122,40,げきりゅう,,へんげんじざい,TRUE
658,ゲッコウガS,みず,あく,72,145,67,153,71,132,40,きずなへんげ,,,
658,メガゲッコウガ,みず,あく,72,125,77,133,81,142,40,へんげんじざい,,,TRUE
659,ホルビー,ノーマル,,38,36,38,32,36,57,5,ものひろい,ほおぶくろ,ちからもち,
660,ホルード,ノーマル,じめん,85,56,77,50,77,78,42.4,ものひろい,ほおぶくろ,ちからもち,TRUE
661,ヤヤコマ,ノーマル,ひこう,45,50,43,40,38,62,1.7,はとむね,,はやてのつばさ,
662,ヒノヤコマ,ほのお,ひこう,62,73,55,56,52,84,16,ほのおのからだ,,はやてのつばさ,
663,ファイアロー,ほのお,ひこう,78,81,71,74,69,126,24.5,ほのおのからだ,,はやてのつばさ,TRUE
664,コフキムシ,むし,,38,35,40,27,25,35,2.5,りんぷん,ふくがん,フレンドガード,
665,コフーライ,むし,,45,22,60,27,30,29,8.4,だっぴ,,フレンドガード,
666,ビビヨン,むし,ひこう,80,52,50,90,50,89,17,りんぷん,ふくがん,フレンドガード,TRUE
667,シシコ,ほのお,ノーマル,62,50,58,73,54,72,13.5,とうそうしん,きんちょうかん,じしんかじょう,
668,カエンジシ,ほのお,ノーマル,86,68,72,109,66,106,81.5,とうそうしん,きんちょうかん,じしんかじょう,TRUE
668,メガカエンジシ,ほのお,ノーマル,86,88,92,129,86,126,93.3,ほのおのたてがみ,,,TRUE
669,フラベベ,フェアリー,,44,38,39,61,79,42,0.1,フラワーベール,,きょうせい,
670,フラエッテ,フェアリー,,54,45,47,75,98,52,0.9,フラワーベール,,きょうせい,
670,メガフラエッテえいえん,フェアリー,,74,85,87,155,148,102,100.8,フェアリーオーラ,,,TRUE
670,フラエッテえいえん,フェアリー,,74,65,67,125,128,92,0.9,フラワーベール,,きょうせい,TRUE
671,フラージェス,フェアリー,,78,65,68,112,154,75,10,フラワーベール,,きょうせい,TRUE
672,メェークル,くさ,,66,65,48,62,57,52,31,そうしょく,,くさのけがわ,
673,ゴーゴート,くさ,,123,100,62,97,81,68,91,そうしょく,,くさのけがわ,TRUE
674,ヤンチャム,かくとう,,67,82,62,46,48,43,8,てつのこぶし,かたやぶり,きもったま,
675,ゴロンダ,かくとう,あく,95,124,78,69,71,58,136,てつのこぶし,かたやぶり,きもったま,TRUE
676,トリミアン,ノーマル,,75,80,60,65,90,102,28,ファーコート,,,TRUE
677,ニャスパー,エスパー,,62,48,54,63,60,68,3.5,するどいめ,すりぬけ,マイペース,
678,ニャオニクス♂,エスパー,,74,48,76,83,81,104,8.5,するどいめ,すりぬけ,いたずらごころ,TRUE
678,ニャオニクス♀,エスパー,,74,48,76,83,81,104,8.5,するどいめ,すりぬけ,かちき,TRUE
678,メガニャオニクス,エスパー,,74,48,76,143,101,124,10.1,トレース,,,TRUE
679,ヒトツキ,はがね,ゴースト,45,80,100,35,37,28,2,ノーガード,,,
680,ニダンギル,はがね,ゴースト,59,110,150,45,49,35,4.5,ノーガード,,,
681,ギルガルド盾,はがね,ゴースト,60,50,140,50,140,60,53,バトルスイッチ,,,TRUE
681,ギルガルド剣,はがね,ゴースト,60,140,50,140,50,60,53,バトルスイッチ,,,TRUE
682,シュシュプ,フェアリー,,78,52,60,63,65,23,0.5,いやしのこころ,,アロマベール,
683,フレフワン,フェアリー,,101,72,72,99,89,29,15.5,いやしのこころ,,アロマベール,TRUE
684,ペロッパフ,フェアリー,,62,48,66,59,57,49,3.5,スイートベール,,かるわざ,
685,ペロリーム,フェアリー,,82,80,86,85,75,72,5,スイートベール,,かるわざ,TRUE
686,マーイーカ,あく,エスパー,53,54,53,37,46,45,3.5,あまのじゃく,きゅうばん,すりぬけ,
687,カラマネロ,あく,エスパー,86,92,88,68,75,73,47,あまのじゃく,きゅうばん,すりぬけ,TRUE
687,メガカラマネロ,あく,エスパー,86,102,88,98,120,88,69.8,あまのじゃく,,,TRUE
688,カメテテ,いわ,みず,42,52,67,39,56,50,31,スナイパー,かたいツメ,わるいてぐせ,
689,ガメノデス,いわ,みず,72,105,115,54,86,68,96,スナイパー,かたいツメ,わるいてぐせ,TRUE
689,メガガメノデス,かくとう,いわ,72,140,130,64,106,88,100,かたいツメ,,,TRUE
690,クズモー,どく,みず,50,60,60,60,60,30,7.3,どくのトゲ,どくしゅ,てきおうりょく,
691,ドラミドロ,どく,ドラゴン,65,75,90,97,123,44,81.5,どくのトゲ,どくしゅ,てきおうりょく,TRUE
691,メガドラミドロ,ドラゴン,どく,65,85,105,132,163,44,100.3,さいせいりょく,,,TRUE
692,ウデッポウ,みず,,50,53,62,58,63,44,8.3,メガランチャー,,,
693,ブロスター,みず,,71,73,88,120,89,59,35.3,メガランチャー,,,TRUE
694,エリキテル,でんき,ノーマル,44,38,33,61,43,70,6,かんそうはだ,すながくれ,サンパワー,
695,エレザード,でんき,ノーマル,62,55,52,109,94,109,21,かんそうはだ,すながくれ,サンパワー,TRUE
696,チゴラス,いわ,ドラゴン,58,89,77,45,45,48,26,がんじょうあご,,がんじょう,
697,ガチゴラス,いわ,ドラゴン,82,121,119,69,59,71,270,がんじょうあご,,いしあたま,TRUE
698,アマルス,いわ,こおり,77,59,50,67,63,46,25.2,フリーズスキン,,ゆきふらし,
699,アマルルガ,いわ,こおり,123,77,72,99,92,58,225,フリーズスキン,,ゆきふらし,TRUE
700,ニンフィア,フェアリー,,95,65,65,110,130,60,23.5,メロメロボディ,,フェアリースキン,TRUE
701,ルチャブル,かくとう,ひこう,78,92,75,74,63,118,21.5,じゅうなん,かるわざ,かたやぶり,TRUE
701,メガルチャブル,かくとう,ひこう,78,137,100,74,93,118,25,ノーガード,,,TRUE
702,デデンネ,でんき,フェアリー,67,58,57,81,67,101,2.2,ほおぶくろ,ものひろい,プラス,TRUE
703,メレシー,いわ,フェアリー,50,50,150,50,150,50,5.7,クリアボディ,,がんじょう,
704,ヌメラ,ドラゴン,,45,50,35,55,75,40,2.8,そうしょく,うるおいボディ,ぬめぬめ,
705,ヌメイル,ドラゴン,,68,75,53,83,113,60,17.5,そうしょく,うるおいボディ,ぬめぬめ,
705,ヌメイルH,ドラゴン,はがね,57,75,83,83,113,40,68.5,そうしょく,シェルアーマー,ぬめぬめ,
706,ヌメルゴン,ドラゴン,,90,100,70,110,150,80,150.5,そうしょく,うるおいボディ,ぬめぬめ,TRUE
706,ヌメルゴンH,ドラゴン,はがね,80,100,100,110,150,60,334.1,そうしょく,シェルアーマー,ぬめぬめ,TRUE
707,クレッフィ,はがね,フェアリー,57,80,91,80,87,75,3,いたずらごころ,,マジシャン,TRUE
708,ボクレー,ゴースト,くさ,43,70,48,50,60,38,7,しぜんかいふく,おみとおし,しゅうかく,
709,オーロット,ゴースト,くさ,85,110,76,65,82,56,71,しぜんかいふく,おみとおし,しゅうかく,TRUE
710,バケッチャ普,ゴースト,くさ,49,66,70,44,55,51,5,ものひろい,おみとおし,ふみん,
710,バケッチャ小,ゴースト,くさ,44,66,70,44,55,56,3.5,ものひろい,おみとおし,ふみん,
710,バケッチャ大,ゴースト,くさ,54,66,70,44,55,46,7.5,ものひろい,おみとおし,ふみん,
710,バケッチャ特,ゴースト,くさ,59,66,70,44,55,41,15,ものひろい,おみとおし,ふみん,
711,パンプジン普,ゴースト,くさ,65,90,122,58,75,84,12.5,ものひろい,おみとおし,ふみん,TRUE
711,パンプジン小,ゴースト,くさ,55,85,122,58,75,99,9.5,ものひろい,おみとおし,ふみん,TRUE
711,パンプジン大,ゴースト,くさ,75,95,122,58,75,69,14,ものひろい,おみとおし,ふみん,TRUE
711,パンプジン特,ゴースト,くさ,85,100,122,58,75,54,39,ものひろい,おみとおし,ふみん,TRUE
712,カチコール,こおり,,55,69,85,32,35,28,99.5,マイペース,アイスボディ,がんじょう,
713,クレベース,こおり,,95,117,184,44,46,28,505,マイペース,アイスボディ,がんじょう,TRUE
713,クレベースH,こおり,いわ,95,127,184,34,36,38,262.4,がんじょうあご,アイスボディ,がんじょう,TRUE
714,オンバット,ひこう,ドラゴン,40,30,35,45,40,55,8,おみとおし,すりぬけ,テレパシー,
715,オンバーン,ひこう,ドラゴン,85,70,80,97,80,123,85,おみとおし,すりぬけ,テレパシー,TRUE
716,ゼルネアス,フェアリー,,126,131,95,131,98,99,215,フェアリーオーラ,,,
717,イベルタル,あく,ひこう,126,131,95,131,98,99,203,ダークオーラ,,,
718,ジガルデ50,ドラゴン,じめん,108,100,121,81,95,95,305,オーラブレイク,スワームチェンジ,,
718,ジガルデ10,ドラゴン,じめん,54,100,71,61,85,115,33.5,オーラブレイク,スワームチェンジ,,
718,ジガルデ100,ドラゴン,じめん,216,100,121,91,95,85,610,スワームチェンジ,,,
718,メガジガルデ,ドラゴン,じめん,216,70,91,216,85,100,610,,,,
719,ディアンシー,いわ,フェアリー,50,100,150,100,150,50,8.8,クリアボディ,,,
719,メガディアンシー,いわ,フェアリー,50,160,110,160,110,110,27.8,マジックミラー,,,
720,フーパ,エスパー,あく,80,110,60,150,130,70,9,マジシャン,,,
720,フーパ解,エスパー,あく,80,160,60,170,130,80,490,マジシャン,,,
721,ボルケニオン,ほのお,みず,80,110,120,130,90,70,195,ちょすい,,,
722,モクロー,くさ,ひこう,68,55,55,50,50,42,1.5,しんりょく,,えんかく,
723,フクスロー,くさ,ひこう,78,75,75,70,70,52,16,しんりょく,,えんかく,
724,ジュナイパー,くさ,ゴースト,78,107,75,100,100,70,36.6,しんりょく,,えんかく,TRUE
724,ジュナイパーH,くさ,かくとう,88,112,80,95,95,60,36.6,しんりょく,,きもったま,TRUE
725,ニャビー,ほのお,,45,65,40,60,40,70,4.3,もうか,,いかく,
726,ニャヒート,ほのお,,65,85,50,80,50,90,25,もうか,,いかく,
727,ガオガエン,ほのお,あく,95,115,90,80,90,60,83,もうか,,いかく,TRUE
728,アシマリ,みず,,50,54,54,66,56,40,7.5,げきりゅう,,うるおいボイス,
729,オシャマリ,みず,,60,69,69,91,81,50,17.5,げきりゅう,,うるおいボイス,
730,アシレーヌ,みず,フェアリー,80,74,74,126,116,60,44,げきりゅう,,うるおいボイス,TRUE
731,ツツケラ,ノーマル,ひこう,35,75,30,30,30,65,1.2,するどいめ,スキルリンク,ものひろい,
732,ケララッパ,ノーマル,ひこう,55,85,50,40,50,75,14.8,するどいめ,スキルリンク,ものひろい,
733,ドデカバシ,ノーマル,ひこう,80,120,75,75,75,60,26,するどいめ,スキルリンク,ちからずく,TRUE
734,ヤングース,ノーマル,,48,70,30,30,30,45,6,はりこみ,がんじょうあご,てきおうりょく,
735,デカグース,ノーマル,,88,110,60,55,60,45,14.2,はりこみ,がんじょうあご,てきおうりょく,
736,アゴジムシ,むし,,47,62,45,55,45,46,4.4,むしのしらせ,,,
737,デンヂムシ,むし,でんき,57,82,95,55,75,36,10.5,バッテリー,,,
738,クワガノン,むし,でんき,77,70,90,145,75,43,45,ふゆう,,,
739,マケンカニ,かくとう,,47,82,57,42,47,63,7,かいりきバサミ,てつのこぶし,いかりのつぼ,
740,ケケンカニ,かくとう,こおり,97,132,77,62,67,43,180,かいりきバサミ,てつのこぶし,いかりのつぼ,TRUE
740,メガケケンカニ,かくとう,こおり,97,157,122,62,107,33,252.8,てつのこぶし,,,TRUE
741,オドリドリ炎,ほのお,ひこう,75,70,70,98,70,93,3.4,おどりこ,,,
741,オドリドリ電,でんき,ひこう,75,70,70,98,70,93,3.4,おどりこ,,,
741,オドリドリ超,エスパー,ひこう,75,70,70,98,70,93,3.4,おどりこ,,,
741,オドリドリ霊,ゴースト,ひこう,75,70,70,98,70,93,3.4,おどりこ,,,
742,アブリー,むし,フェアリー,40,45,40,55,40,84,0.2,みつあつめ,りんぷん,スイートベール,
743,アブリボン,むし,フェアリー,60,55,60,95,70,124,0.5,みつあつめ,りんぷん,スイートベール,
744,イワンコ,いわ,,45,65,40,30,40,60,9.2,するどいめ,やるき,ふくつのこころ,
745,ルガルガンまひる,いわ,,75,115,65,55,65,112,25,するどいめ,すなかき,ふくつのこころ,TRUE
745,ルガルガンまよなか,いわ,,85,115,75,55,75,82,25,するどいめ,やるき,ノーガード,TRUE
745,ルガルガンたそがれ,いわ,,75,117,65,55,65,110,25,かたいツメ,,,TRUE
746,ヨワシ,みず,,45,20,20,25,25,40,0.3,ぎょぐん,,,
746,ヨワシ群,みず,,45,140,130,140,135,30,78.6,ぎょぐん,,,
747,ヒドイデ,どく,みず,50,53,62,43,52,45,8,ひとでなし,じゅうなん,さいせいりょく,
748,ドヒドイデ,どく,みず,50,63,152,53,142,35,14.5,ひとでなし,じゅうなん,さいせいりょく,TRUE
749,ドロバンコ,じめん,,70,100,70,45,55,45,110,マイペース,じきゅうりょく,せいしんりょく,
750,バンバドロ,じめん,,100,125,100,55,85,35,920,マイペース,じきゅうりょく,せいしんりょく,TRUE
751,シズクモ,みず,むし,38,40,52,40,72,27,4,すいほう,,ちょすい,
752,オニシズクモ,みず,むし,68,70,92,50,132,42,82,すいほう,,ちょすい,TRUE
753,カリキリ,くさ,,40,55,35,50,35,35,1.5,リーフガード,,あまのじゃく,
754,ラランテス,くさ,,70,105,90,80,90,45,18.5,リーフガード,,あまのじゃく,
755,ネマシュ,くさ,フェアリー,40,35,55,65,75,15,1.5,はっこう,ほうし,あめうけざら,
756,マシェード,くさ,フェアリー,60,45,80,90,100,30,11.5,はっこう,ほうし,あめうけざら,
757,ヤトウモリ,どく,ほのお,48,44,40,71,40,77,4.8,ふしょく,,どんかん,
758,エンニュート,どく,ほのお,68,64,60,111,60,117,22.2,ふしょく,,どんかん,TRUE
759,ヌイコグマ,ノーマル,かくとう,70,75,50,45,50,50,6.8,もふもふ,ぶきよう,メロメロボディ,
760,キテルグマ,ノーマル,かくとう,120,125,80,55,60,60,135,もふもふ,ぶきよう,きんちょうかん,
761,アマカジ,くさ,,42,30,38,30,38,32,3.2,リーフガード,どんかん,スイートベール,
762,アママイコ,くさ,,52,40,48,40,48,62,8.2,リーフガード,どんかん,スイートベール,
763,アマージョ,くさ,,72,120,98,50,98,72,21.4,リーフガード,じょおうのいげん,スイートベール,TRUE
764,キュワワー,フェアリー,,51,52,90,82,110,100,0.3,フラワーベール,ヒーリングシフト,しぜんかいふく,
765,ヤレユータン,ノーマル,エスパー,90,60,80,90,110,60,76,せいしんりょく,テレパシー,きょうせい,TRUE
766,ナゲツケサル,かくとう,,100,120,90,40,60,80,82.8,レシーバー,,まけんき,TRUE
767,コソクムシ,むし,みず,25,35,40,20,30,80,12,にげごし,,,
768,グソクムシャ,むし,みず,75,125,140,60,90,40,108,ききかいひ,,,TRUE
768,メガグソクムシャ,むし,はがね,75,150,175,70,120,40,148,かたいツメ,,,TRUE
769,スナバァ,ゴースト,じめん,55,55,80,70,45,15,70,みずがため,,すながくれ,
770,シロデスナ,ゴースト,じめん,85,75,110,100,75,35,250,みずがため,,すながくれ,
771,ナマコブシ,みず,,55,60,130,30,130,5,1.2,とびだすなかみ,,てんねん,
772,タイプ：ヌル,ノーマル,,95,95,95,95,95,59,120.5,カブトアーマー,,,
773,シルヴァディ,ノーマル,,95,95,95,95,95,95,100.5,ARシステム,,,
774,メテノ殻,いわ,ひこう,60,60,100,60,100,60,40,リミットシールド,,,
774,メテノ核,いわ,ひこう,60,100,60,100,60,120,0.3,リミットシールド,,,
775,ネッコアラ,ノーマル,,65,115,65,75,95,65,19.9,ぜったいねむり,,,
776,バクガメス,ほのお,ドラゴン,60,78,135,91,85,36,212,シェルアーマー,,,
777,トゲデマル,でんき,はがね,65,98,63,40,73,96,3.3,てつのトゲ,ひらいしん,がんじょう,
778,ミミッキュ,ゴースト,フェアリー,55,90,80,50,105,96,0.7,ばけのかわ,,,TRUE
779,ハギギシリ,みず,エスパー,68,105,70,70,70,92,19,ビビッドボディ,がんじょうあご,ミラクルスキン,
780,ジジーロン,ノーマル,ドラゴン,78,60,85,135,91,36,185,ぎゃくじょう,そうしょく,ノーてんき,TRUE
780,メガジジーロン,ドラゴン,ノーマル,78,85,110,160,116,36,240.5,ぎゃくじょう,,,TRUE
781,ダダリン,ゴースト,くさ,70,131,100,86,90,40,210,はがねつかい,,,
782,ジャラコ,ドラゴン,,45,55,65,45,45,45,29.7,ぼうだん,ぼうおん,ぼうじん,
783,ジャランゴ,ドラゴン,かくとう,55,75,90,65,70,65,47,ぼうだん,ぼうおん,ぼうじん,
784,ジャラランガ,ドラゴン,かくとう,75,110,125,100,105,85,78.2,ぼうだん,ぼうおん,ぼうじん,TRUE
785,カプ・コケコ,でんき,フェアリー,70,115,85,95,75,130,20.5,エレキメイカー,,テレパシー,
786,カプ・テテフ,エスパー,フェアリー,70,85,75,130,115,95,18.6,サイコメイカー,,テレパシー,
787,カプ・ブルル,くさ,フェアリー,70,130,115,85,95,75,45.5,グラスメイカー,,テレパシー,
788,カプ・レヒレ,みず,フェアリー,70,75,115,95,130,85,21.2,ミストメイカー,,テレパシー,
789,コスモッグ,エスパー,,43,29,31,29,31,37,0.1,てんねん,,,
790,コスモウム,エスパー,,43,29,131,29,131,37,999.9,がんじょう,,,
791,ソルガレオ,エスパー,はがね,137,137,107,113,89,97,230,メタルプロテクト,,,
792,ルナアーラ,エスパー,ゴースト,137,113,89,137,107,97,120,ファントムガード,,,
793,ウツロイド,いわ,どく,109,53,47,127,131,103,55.5,ビーストブースト,,,
794,マッシブーン,むし,かくとう,107,139,139,53,53,79,333.6,ビーストブースト,,,
795,フェローチェ,むし,かくとう,71,137,37,137,37,151,25,ビーストブースト,,,
796,デンジュモク,でんき,,83,89,71,173,71,83,100,ビーストブースト,,,
797,テッカグヤ,はがね,ひこう,97,101,103,107,101,61,999.9,ビーストブースト,,,
798,カミツルギ,くさ,はがね,59,181,131,59,31,109,0.1,ビーストブースト,,,
799,アクジキング,あく,ドラゴン,223,101,53,97,53,43,888,ビーストブースト,,,
800,ネクロズマ,エスパー,,97,107,101,127,89,79,230,プリズムアーマー,,,
800,ネクロズマ日,エスパー,はがね,97,157,127,113,109,77,460,プリズムアーマー,,,
800,ネクロズマ月,エスパー,ゴースト,97,113,109,157,127,77,350,プリズムアーマー,,,
800,ネクロズマ竜,エスパー,ドラゴン,97,167,97,167,97,129,230,プリズムアーマー,,,
801,マギアナ,はがね,フェアリー,80,95,115,130,115,65,80.5,ソウルハート,,,
801,メガマギアナ,はがね,フェアリー,80,125,115,170,115,95,248.1,,,,
802,マーシャドー,かくとう,ゴースト,90,125,80,90,90,125,22.2,テクニシャン,,,
803,ベベノム,どく,,67,73,67,73,67,73,1.8,ビーストブースト,,,
804,アーゴヨン,どく,ドラゴン,73,73,73,127,73,121,150,ビーストブースト,,,
805,ツンデツンデ,いわ,はがね,61,131,211,53,101,13,820,ビーストブースト,,,
806,ズガドーン,ほのお,ゴースト,53,127,53,151,79,107,13,ビーストブースト,,,
807,ゼラオラ,でんき,,88,112,75,102,80,143,44.5,ちくでん,,,
807,メガゼラオラ,でんき,,88,157,75,147,80,153,44.5,,,,
808,メルタン,はがね,,46,65,65,55,35,34,8,じりょく,,,
809,メルメタル,はがね,,135,143,143,80,65,34,800,てつのこぶし,,,
810,サルノリ,くさ,,50,65,50,40,40,65,5,しんりょく,,グラスメイカー,
811,バチンキー,くさ,,70,85,70,55,60,80,14,しんりょく,,グラスメイカー,
812,ゴリランダー,くさ,,100,125,90,60,70,85,90,しんりょく,,グラスメイカー,
813,ヒバニー,ほのお,,50,71,40,40,40,69,4.5,もうか,,リベロ,
814,ラビフット,ほのお,,65,86,60,55,60,94,9,もうか,,リベロ,
815,エースバーン,ほのお,,80,116,75,65,75,119,33,もうか,,リベロ,
816,メッソン,みず,,50,40,40,70,40,70,4,げきりゅう,,スナイパー,
817,ジメレオン,みず,,65,60,55,95,55,90,11.5,げきりゅう,,スナイパー,
818,インテレオン,みず,,70,85,65,125,65,120,45.2,げきりゅう,,スナイパー,
819,ホシガリス,ノーマル,,70,55,55,35,35,25,2.5,ほおぶくろ,,くいしんぼう,
820,ヨクバリス,ノーマル,,120,95,95,55,75,20,6,ほおぶくろ,,くいしんぼう,
821,ココガラ,ひこう,,38,47,35,33,35,57,1.8,するどいめ,きんちょうかん,はとむね,
822,アオガラス,ひこう,,68,67,55,43,55,77,16,するどいめ,きんちょうかん,はとむね,
823,アーマーガア,ひこう,はがね,98,87,105,53,85,67,75,プレッシャー,きんちょうかん,ミラーアーマー,
824,サッチムシ,むし,,25,20,20,25,45,45,8,むしのしらせ,ふくがん,テレパシー,
825,レドームシ,むし,エスパー,50,35,80,50,90,30,19.5,むしのしらせ,ふくがん,テレパシー,
826,イオルブ,むし,エスパー,60,45,110,80,120,90,40.8,むしのしらせ,おみとおし,テレパシー,
827,クスネ,あく,,40,28,28,47,52,50,8.9,にげあし,かるわざ,はりこみ,
828,フォクスライ,あく,,70,58,58,87,92,90,19.9,にげあし,かるわざ,はりこみ,
829,ヒメンカ,くさ,,40,40,60,40,60,10,2.2,わたげ,さいせいりょく,ほうし,
830,ワタシラガ,くさ,,60,50,90,80,120,60,2.5,わたげ,さいせいりょく,ほうし,
831,ウールー,ノーマル,,42,40,55,40,45,48,6,もふもふ,にげあし,ぼうだん,
832,バイウールー,ノーマル,,72,80,100,60,90,88,43,もふもふ,はやあし,ぼうだん,
833,カムカメ,みず,,50,64,50,38,38,44,8.5,がんじょうあご,シェルアーマー,すいすい,
834,カジリガメ,みず,いわ,90,115,90,48,68,74,115.5,がんじょうあご,シェルアーマー,すいすい,
835,ワンパチ,でんき,,59,45,50,40,50,26,13.5,たまひろい,,びびり,
836,パルスワン,でんき,,69,90,60,90,60,121,34,がんじょうあご,,かちき,
837,タンドン,いわ,,30,40,50,40,50,30,12,じょうききかん,たいねつ,もらいび,
838,トロッゴン,いわ,ほのお,80,60,90,60,70,50,78,じょうききかん,ほのおのからだ,もらいび,
839,セキタンザン,いわ,ほのお,110,80,120,80,90,30,310.5,じょうききかん,ほのおのからだ,もらいび,
840,カジッチュ,くさ,ドラゴン,40,40,80,40,40,20,0.5,じゅくせい,くいしんぼう,ぼうだん,
841,アップリュー,くさ,ドラゴン,70,110,80,95,60,70,1,じゅくせい,くいしんぼう,はりきり,
842,タルップル,くさ,ドラゴン,110,85,80,100,80,30,13,じゅくせい,くいしんぼう,あついしぼう,
843,スナヘビ,じめん,,52,57,75,35,50,46,7.6,すなはき,だっぴ,すながくれ,
844,サダイジャ,じめん,,72,107,125,65,70,71,65.5,すなはき,だっぴ,すながくれ,
845,ウッウ,ひこう,みず,70,85,55,85,95,85,18,うのミサイル,,,
846,サシカマス,みず,,41,63,40,40,30,66,1,すいすい,,スクリューおびれ,
847,カマスジョー,みず,,61,123,60,60,50,136,30,すいすい,,スクリューおびれ,
848,エレズン,でんき,どく,40,38,35,54,35,40,11,びびり,せいでんき,ぶきよう,
849,ストリンダー,でんき,どく,75,98,70,114,70,75,40,パンクロック,プラス,テクニシャン,
850,ヤクデ,ほのお,むし,50,65,45,50,50,45,1,もらいび,しろいけむり,ほのおのからだ,
851,マルヤクデ,ほのお,むし,100,115,65,90,90,65,120,もらいび,しろいけむり,ほのおのからだ,
852,タタッコ,かくとう,,50,68,60,50,50,32,4,じゅうなん,,テクニシャン,
853,オトスパス,かくとう,,80,118,90,70,80,42,39,じゅうなん,,テクニシャン,
854,ヤバチャ,ゴースト,,40,45,45,74,54,50,0.2,くだけるよろい,,のろわれボディ,
855,ポットデス,ゴースト,,60,65,65,134,114,70,0.4,くだけるよろい,,のろわれボディ,
856,ミブリム,エスパー,,42,30,45,56,53,39,3.4,いやしのこころ,きけんよち,マジックミラー,
857,テブリム,エスパー,,57,40,65,86,73,49,4.8,いやしのこころ,きけんよち,マジックミラー,
858,ブリムオン,エスパー,フェアリー,57,90,95,136,103,29,5.1,いやしのこころ,きけんよち,マジックミラー,
859,ベロバー,あく,フェアリー,45,45,30,55,40,50,5.5,いたずらごころ,おみとおし,わるいてぐせ,
860,ギモー,あく,フェアリー,65,60,45,75,55,70,12.5,いたずらごころ,おみとおし,わるいてぐせ,
861,オーロンゲ,あく,フェアリー,95,120,65,95,75,60,61,いたずらごころ,おみとおし,わるいてぐせ,
862,タチフサグマ,あく,ノーマル,93,90,101,60,81,95,46,すてみ,こんじょう,まけんき,
863,ニャイキング,はがね,,70,110,100,50,60,50,28,カブトアーマー,かたいツメ,はがねのせいしん,
864,サニゴーン,ゴースト,,60,95,50,145,130,30,0.4,くだけるよろい,,ほろびのボディ,
865,ネギガナイト,かくとう,,62,135,95,68,82,65,117,ふくつのこころ,,きもったま,
866,バリコオル,こおり,エスパー,80,85,75,110,100,70,58.2,ちどりあし,バリアフリー,アイスボディ,
867,デスバーン,じめん,ゴースト,58,95,145,50,105,30,66.6,さまようたましい,,,
868,マホミル,フェアリー,,45,40,40,50,61,34,0.3,スイートベール,,アロマベール,
869,マホイップ,フェアリー,,65,60,75,110,121,64,0.5,スイートベール,,アロマベール,
870,タイレーツ,かくとう,,65,100,100,70,60,75,62,カブトアーマー,,まけんき,
870,メガタイレーツ,かくとう,,65,135,135,70,65,100,99,まけんき,,,
871,バチンウニ,でんき,,48,101,95,91,85,15,1,ひらいしん,,エレキメイカー,
872,ユキハミ,こおり,むし,30,25,35,45,30,20,3.8,りんぷん,,こおりのりんぷん,
873,モスノウ,こおり,むし,70,65,60,125,90,65,42,りんぷん,,こおりのりんぷん,
874,イシヘンジン,いわ,,100,125,135,20,20,70,520,パワースポット,,,
875,コオリッポA,こおり,,75,80,110,65,90,50,89,アイスフェイス,,,
875,コオリッポＮ,こおり,,75,80,70,65,50,130,89,アイスフェイス,,,
876,イエッサン♂,エスパー,ノーマル,60,65,55,105,95,95,28,せいしんりょく,シンクロ,サイコメイカー,
876,イエッサン♀,エスパー,ノーマル,70,55,65,95,105,85,28,マイペース,シンクロ,サイコメイカー,
877,モルペコ,でんき,あく,58,95,58,70,58,97,3,はらぺこスイッチ,,,
878,ゾウドウ,はがね,,72,80,49,40,49,40,100,ちからずく,,ヘヴィメタル,
879,ダイオウドウ,はがね,,122,130,69,80,69,30,650,ちからずく,,ヘヴィメタル,
880,パッチラゴン,でんき,ドラゴン,90,100,90,80,70,75,190,ちくでん,はりきり,すなかき,
881,パッチルドン,でんき,こおり,90,100,90,90,80,55,150,ちくでん,せいでんき,ゆきかき,
882,ウオノラゴン,みず,ドラゴン,90,90,100,70,80,75,215,ちょすい,がんじょうあご,すなかき,
883,ウオチルドン,みず,こおり,90,90,100,80,90,55,175,ちょすい,アイスボディ,ゆきかき,
884,ジュラルドン,はがね,ドラゴン,70,95,115,120,50,85,40,ライトメタル,ヘヴィメタル,すじがねいり,
885,ドラメシヤ,ドラゴン,ゴースト,28,60,30,40,30,82,2,クリアボディ,すりぬけ,のろわれボディ,
886,ドロンチ,ドラゴン,ゴースト,68,80,50,60,50,102,11,クリアボディ,すりぬけ,のろわれボディ,
887,ドラパルト,ドラゴン,ゴースト,88,120,75,100,75,142,50,クリアボディ,すりぬけ,のろわれボディ,
888,ザシアン,フェアリー,,92,130,115,80,115,138,110,ふとうのけん,,,
888,ザシアン剣,フェアリー,はがね,92,170,115,80,115,148,355,ふとうのけん,,,
889,ザマゼンタ,かくとう,,92,130,115,80,115,138,210,ふくつのたて,,,
889,ザマゼンタ盾,かくとう,はがね,92,130,145,80,145,128,785,ふくつのたて,,,
890,ムゲンダイナ,どく,ドラゴン,140,85,95,145,95,130,950,プレッシャー,,,
890,ムゲンダイナ大,どく,ドラゴン,255,115,250,125,250,130,???.?,プレッシャー,,,
891,ダクマ,かくとう,,60,90,60,53,50,72,12,せいしんりょく,,,
892,ウーラオス一,かくとう,あく,100,130,100,63,60,97,105,ふかしのこぶし,,,
892,ウーラオス連,かくとう,みず,100,130,100,63,60,97,105,ふかしのこぶし,,,
893,ザルード,あく,くさ,105,120,105,70,95,105,70,リーフガード,,,
894,レジエレキ,でんき,,80,100,50,100,50,200,145,トランジスタ,,,
895,レジドラゴ,ドラゴン,,200,100,50,100,50,80,200,りゅうのあぎと,,,
896,ブリザポス,こおり,,100,145,130,65,110,30,800,しろのいななき,,,
897,レイスポス,ゴースト,,100,65,60,145,80,130,44.5,くろのいななき,,,
898,バドレックス,エスパー,くさ,100,80,80,80,80,80,7.7,きんちょうかん,,,
898,バドレックス白,エスパー,こおり,100,165,150,85,130,50,809.1,じんばいったい,,,
898,バドレックス黒,エスパー,ゴースト,100,85,80,165,100,150,53.6,じんばいったい,,,
899,アヤシシ,ノーマル,エスパー,103,105,72,105,75,65,95.1,いかく,おみとおし,そうしょく,
900,バサギリ,むし,いわ,70,135,95,45,70,85,89,むしのしらせ,ちからずく,きれあじ,
901,ガチグマ,ノーマル,じめん,130,140,105,45,80,50,290,こんじょう,ぼうだん,きんちょうかん,
901,ガチグマ（アカツキ）,ノーマル,じめん,113,70,120,135,65,52,333,しんがん,,,
902,イダイトウ♂,みず,ゴースト,120,112,65,80,75,78,110,すいすい,てきおうりょく,かたやぶり,
902,イダイトウ♀,みず,ゴースト,120,92,65,100,75,78,110,すいすい,てきおうりょく,かたやぶり,
903,オオニューラ,どく,かくとう,80,130,60,40,80,120,43,プレッシャー,かるわざ,どくしゅ,
904,ハリーマン,どく,あく,85,115,95,65,65,85,60.5,どくのトゲ,すいすい,いかく,
905,ラブトロス化身,フェアリー,ひこう,74,115,70,135,80,106,48,メロメロボディ,,あまのじゃく,
905,ラブトロス霊獣,フェアリー,ひこう,74,115,110,135,100,46,48,ぼうじん,,,
906,ニャオハ,くさ,,40,61,54,45,45,65,4.1,しんりょく,,へんげんじざい,
907,ニャローテ,くさ,,61,80,63,60,63,83,12.2,しんりょく,,へんげんじざい,
908,マスカーニャ,くさ,あく,76,110,70,81,70,123,31.2,しんりょく,,へんげんじざい,
909,ホゲータ,ほのお,,67,45,59,63,40,36,9.8,もうか,,てんねん,
910,アチゲータ,ほのお,,81,55,78,90,58,49,30.7,もうか,,てんねん,
911,ラウドボーン,ほのお,ゴースト,104,75,100,110,75,66,326.5,もうか,,てんねん,
912,クワッス,みず,,55,65,45,50,45,50,6.1,げきりゅう,,じしんかじょう,
913,ウェルカモ,みず,,70,85,65,65,60,65,21.5,げきりゅう,,じしんかじょう,
914,ウェーニバル,みず,かくとう,85,120,80,85,75,85,61.9,げきりゅう,,じしんかじょう,
915,グルトン,ノーマル,,54,45,40,35,45,35,10.2,アロマベール,くいしんぼう,あついしぼう,
916,パフュートン♂,ノーマル,,110,100,75,59,80,65,120,とれないにおい,くいしんぼう,あついしぼう,
916,パフュートン♀,ノーマル,,115,90,70,59,90,65,120,アロマベール,くいしんぼう,あついしぼう,
917,タマンチュラ,むし,,35,41,45,29,40,20,4,ふみん,,はりこみ,
918,ワナイダー,むし,,60,79,92,52,86,35,16.5,ふみん,,はりこみ,
919,マメバッタ,むし,,33,46,40,21,25,45,1,むしのしらせ,,いろめがね,
920,エクスレッグ,むし,あく,71,102,78,52,55,92,17.5,むしのしらせ,,いろめがね,
921,パモ,でんき,,45,50,20,40,25,60,2.5,せいでんき,しぜんかいふく,てつのこぶし,
922,パモット,でんき,かくとう,60,75,40,50,40,85,6.5,ちくでん,しぜんかいふく,てつのこぶし,
923,パーモット,でんき,かくとう,70,115,70,70,60,105,41,ちくでん,しぜんかいふく,てつのこぶし,
924,ワッカネズミ,ノーマル,,50,50,45,40,45,75,1.8,にげあし,ものひろい,マイペース,
925,イッカネズミ,ノーマル,,74,75,70,65,75,111,2.3,フレンドガード,ほおぶくろ,テクニシャン,
926,パピモッチ,フェアリー,,37,55,70,30,55,65,10.9,マイペース,,ぶきよう,
927,バウッツェル,フェアリー,,57,80,115,50,80,95,14.9,こんがりボディ,,アロマベール,
928,ミニーブ,くさ,ノーマル,41,35,45,58,51,30,6.5,はやおき,,しゅうかく,
929,オリーニョ,くさ,ノーマル,52,53,60,78,78,33,11.9,はやおき,,しゅうかく,
930,オリーヴァ,くさ,ノーマル,78,69,90,125,109,39,48.2,こぼれダネ,,しゅうかく,
931,イキリンコ,ノーマル,ひこう,82,96,51,45,51,92,2.4,いかく,はりきり,こんじょう,
932,コジオ,いわ,,55,55,75,35,35,25,16,きよめのしお,がんじょう,クリアボディ,
933,ジオヅム,いわ,,60,60,100,35,65,35,105,きよめのしお,がんじょう,クリアボディ,
934,キョジオーン,いわ,,100,100,130,45,90,35,240,きよめのしお,がんじょう,クリアボディ,
935,カルボウ,ほのお,,40,50,40,50,40,35,10.5,もらいび,,ほのおのからだ,
936,グレンアルマ,ほのお,エスパー,85,60,100,125,80,75,85,もらいび,,くだけるよろい,
937,ソウブレイズ,ほのお,ゴースト,75,125,80,60,100,85,62,もらいび,,くだけるよろい,
938,ズピカ,でんき,,61,31,41,59,35,45,0.4,マイペース,せいでんき,しめりけ,
939,ハラバリー,でんき,,109,64,91,103,83,45,113,でんきにかえる,せいでんき,しめりけ,
940,カイデン,でんき,ひこう,40,40,35,55,40,70,3.6,ふうりょくでんき,ちくでん,かちき,
941,タイカイデン,でんき,ひこう,70,70,60,105,60,125,38.6,ふうりょくでんき,ちくでん,かちき,
942,オラチフ,あく,,60,78,60,40,51,51,16,いかく,にげあし,はりこみ,
943,マフィティフ,あく,,80,120,90,60,70,85,61,いかく,ばんけん,はりこみ,
944,シルシュルー,どく,ノーマル,40,65,35,40,35,75,0.7,かるわざ,わるいてぐせ,いたずらごころ,
945,タギングル,どく,ノーマル,63,95,65,80,72,110,27.2,かるわざ,どくしゅ,いたずらごころ,
946,アノクサ,くさ,ゴースト,40,65,30,45,35,60,0.6,かぜのり,,すりぬけ,
947,アノホラグサ,くさ,ゴースト,55,115,70,80,70,90,6,かぜのり,,すりぬけ,
948,ノノクラゲ,じめん,くさ,40,40,35,50,100,70,33,きんしのちから,,,
949,リククラゲ,じめん,くさ,80,70,65,80,120,100,58,きんしのちから,,,
950,ガケガニ,いわ,,70,100,115,35,55,75,79,いかりのこうら,シェルアーマー,さいせいりょく,
951,カプサイジ,くさ,,50,62,40,62,40,50,3,ようりょくそ,ふみん,ぶきよう,
952,スコヴィラン,くさ,ほのお,65,108,65,108,65,75,15,ようりょくそ,ふみん,ムラっけ,
952,メガスコヴィラン,くさ,ほのお,65,138,85,138,85,75,22,とびだすハバネロ,,,
953,シガロコ,むし,,41,50,60,31,58,30,1,ふくがん,,だっぴ,
954,ベラカス,むし,エスパー,75,50,85,115,100,45,3.5,シンクロ,,テレパシー,
955,ヒラヒナ,エスパー,,30,35,30,55,30,75,1.5,きけんよち,おみとおし,かそく,
956,クエスパトラ,エスパー,,95,60,60,101,60,105,90,びんじょう,おみとおし,かそく,
957,カヌチャン,フェアリー,はがね,50,45,45,35,64,58,8.9,かたやぶり,マイペース,わるいてぐせ,
958,ナカヌチャン,フェアリー,はがね,65,55,55,45,82,78,59.1,かたやぶり,マイペース,わるいてぐせ,
959,デカヌチャン,フェアリー,はがね,85,75,77,70,105,94,112.8,かたやぶり,マイペース,わるいてぐせ,
960,ウミディグダ,みず,,10,55,25,35,25,95,1.8,ぬめぬめ,びびり,すながくれ,
961,ウミトリオ,みず,,35,100,50,50,70,120,5.4,ぬめぬめ,びびり,すながくれ,
962,オトシドリ,ひこう,あく,70,103,85,60,85,82,42.9,はとむね,するどいめ,いわはこび,
963,ナミイルカ,みず,,70,45,40,45,40,75,60.2,みずのベール,,,
964,イルカマン（ナイーブ）,みず,,100,70,72,53,62,100,60.2,マイティチェンジ,,,
964,イルカマン（マイティ）,みず,,100,160,97,106,87,100,97.4,マイティチェンジ,,,
965,ブロロン,はがね,どく,45,70,63,30,45,47,35,ぼうじん,,スロースタート,
966,ブロロローム,はがね,どく,80,119,90,54,67,90,120,ぼうじん,,フィルター,
967,モトトカゲ,ドラゴン,ノーマル,70,95,65,85,65,121,63,だっぴ,,さいせいりょく,
968,ミミズズ,はがね,,70,85,145,60,55,65,310,どしょく,,すながくれ,
969,キラーメ,いわ,どく,48,35,42,105,60,60,8,どくげしょう,,ふしょく,
970,キラフロル,いわ,どく,83,55,90,130,81,86,45,どくげしょう,,ふしょく,
970,メガキラフロル,いわ,どく,83,90,105,150,96,101,77,てきおうりょく,,,
971,ボチ,ゴースト,,50,61,60,30,55,34,35,ものひろい,,もふもふ,
972,ハカドッグ,ゴースト,,72,101,100,50,97,68,15,すなかき,,もふもふ,
973,カラミンゴ,ひこう,かくとう,82,115,74,75,64,90,37,きもったま,ちどりあし,きょうえん,
974,アルクジラ,こおり,,108,68,45,30,40,43,45,あついしぼう,ゆきがくれ,ちからずく,
975,ハルクジラ,こおり,,170,113,65,45,55,73,700,あついしぼう,ゆきかき,ちからずく,
976,ミガルーサ,みず,エスパー,90,102,73,78,65,70,90,かたやぶり,,きれあじ,
977,ヘイラッシャ,みず,,150,100,115,65,65,35,220,てんねん,どんかん,みずのベール,
978,シャリタツ,ドラゴン,みず,68,50,60,120,95,82,8,しれいとう,,よびみず,
978,メガシャリタツ,みず,ドラゴン,68,65,90,135,125,92,24,,,,
979,コノヨザル,かくとう,ゴースト,110,115,80,50,90,90,56,やるき,せいしんりょく,まけんき,
980,ドオー,どく,じめん,130,75,60,45,100,20,223,どくのトゲ,ちょすい,てんねん,
981,リキキリン,ノーマル,エスパー,120,90,70,110,70,60,160,はんすう,テイルアーマー,そうしょく,
982,ノココッチ,ノーマル,,125,100,80,85,75,55,39.2,てんのめぐみ,にげあし,びびり,
983,ドドゲザン,あく,はがね,100,135,120,60,85,50,120,まけんき,そうだいしょう,プレッシャー,
984,イダイナキバ,じめん,かくとう,115,131,131,53,53,87,320,こだいかっせい,,,
985,サケブシッポ,フェアリー,エスパー,115,65,99,65,115,111,8,こだいかっせい,,,
986,アラブルタケ,くさ,あく,111,127,99,79,99,55,21,こだいかっせい,,,
987,ハバタクカミ,ゴースト,フェアリー,55,55,55,135,135,135,4,こだいかっせい,,,
988,チヲハウハネ,むし,かくとう,85,135,79,85,105,81,92,こだいかっせい,,,
989,スナノケガワ,でんき,じめん,85,81,97,121,85,101,60,こだいかっせい,,,
990,テツノワダチ,じめん,はがね,90,112,120,72,70,106,240,クォークチャージ,,,
991,テツノツツミ,こおり,みず,56,80,114,124,60,136,11,クォークチャージ,,,
992,テツノカイナ,かくとう,でんき,154,140,108,50,68,50,380.7,クォークチャージ,,,
993,テツノコウベ,あく,ひこう,94,80,86,122,80,108,111,クォークチャージ,,,
994,テツノドクガ,ほのお,どく,80,70,60,140,110,110,36,クォークチャージ,,,
995,テツノイバラ,いわ,でんき,100,134,110,70,84,72,303,クォークチャージ,,,
996,セビエ,ドラゴン,こおり,65,75,45,35,45,55,17,ねつこうかん,,アイスボディ,
997,セゴール,ドラゴン,こおり,90,95,66,45,65,62,30,ねつこうかん,,アイスボディ,
998,セグレイブ,ドラゴン,こおり,115,145,92,75,86,87,210,ねつこうかん,,アイスボディ,
998,メガセグレイブ,ドラゴン,こおり,115,175,117,105,101,87,315,,,,
999,コレクレー歩,ゴースト,,45,30,25,75,45,80,5,びびり,,,
999,コレクレー箱,ゴースト,,45,30,70,75,70,10,0.1,にげあし,,,
1000,サーフゴー,はがね,ゴースト,87,60,95,133,91,84,30,おうごんのからだ,,,
1001,チオンジェン,あく,くさ,85,85,100,95,135,70,74.2,わざわいのおふだ,,,
1002,パオジアン,あく,こおり,80,120,80,90,65,135,152.2,わざわいのつるぎ,,,
1003,ディンルー,あく,じめん,155,110,125,55,80,45,699.7,わざわいのうつわ,,,
1004,イーユイ,あく,ほのお,55,80,80,135,120,100,4.9,わざわいのたま,,,
1005,トドロクツキ,ドラゴン,あく,105,139,71,55,101,119,380,こだいかっせい,,,
1006,テツノブジン,フェアリー,かくとう,74,130,90,120,60,116,35,クォークチャージ,,,
1007,コライドン,かくとう,ドラゴン,100,135,115,85,100,135,303,ひひいろのこどう,,,
1008,ミライドン,でんき,ドラゴン,100,85,100,135,115,135,240,ハドロンエンジン,,,
1009,ウネルミナモ,みず,ドラゴン,90,83,91,125,83,109,280,こだいかっせい,,,
1010,テツノイサハ,くさ,エスパー,90,130,88,70,108,104,125,クォークチャージ,,,
1011,カミッチュ,くさ,ドラゴン,80,80,110,95,80,40,4.4,かんろなミツ,くいしんぼう,ねんちゃく,
1012,チャデス,くさ,ゴースト,40,45,45,74,54,50,1.1,おもてなし,,たいねつ,
1013,ヤバソチャ,くさ,ゴースト,71,60,106,121,80,70,2.2,おもてなし,,たいねつ,
1014,イイネイヌ,どく,かくとう,88,128,115,58,86,80,92.2,どくのくさり,,ばんけん,
1015,マシマシラ,どく,エスパー,88,75,66,130,90,106,12.2,どくのくさり,,おみとおし,
1016,キチキギス,どく,フェアリー,88,91,82,70,125,99,30.1,どくのくさり,,テクニシャン,
1017,オーガポン草,くさ,,80,120,84,60,96,110,39.8,まけんき,,,
1017,オーガポン炎,くさ,ほのお,80,120,84,60,96,110,39.8,かたやぶり,,,
1017,オーガポン水,くさ,みず,80,120,84,60,96,110,39.8,ちょすい,,,
1017,オーガポン岩,くさ,いわ,80,120,84,60,96,110,39.8,がんじょう,,,
1018,ブリジュラス,はがね,ドラゴン,90,105,130,125,65,85,60,じきゅうりょく,がんじょう,すじがねいり,
1019,カミツオロチ,くさ,ドラゴン,106,80,110,120,80,44,93,かんろなミツ,さいせいりょく,ねんちゃく,
1020,ウガツホムラ,ほのお,ドラゴン,105,115,121,65,93,91,590,こだいかっせい,,,
1021,タケルライコ,でんき,ドラゴン,125,73,91,137,89,75,480,こだいかっせい,,,
1022,テツノイワオ,いわ,エスパー,90,120,80,68,108,124,162.5,クォークチャージ,,,
1023,テツノカシラ,はがね,エスパー,90,72,100,122,108,98,156,クォークチャージ,,,
1024,テラパゴス（テラスタルフォルム）,ノーマル,,95,95,110,105,110,85,16,テラスシェル,,,
1024,テラパゴス（ステラフォルム）,ノーマル,,160,105,110,130,110,85,77,ゼロフォーミング,,,
1025,モモワロウ,どく,ゴースト,88,88,160,88,88,88,0.3,どくくぐつ,,,